"date","Alabama","Alaska","Arizona","Arkansas","California","Colorado","Connecticut","Delaware","Florida","Georgia","Hawaii","Idaho","Illinois","Indiana","Iowa","Kansas","Kentucky","Louisiana","Maine","Maryland","Massachusetts","Michigan","Minnesota","Mississippi","Missouri","Montana","Nebraska","Nevada","New Hampshire","New Jersey","New Mexico","New York","No identificado","North Carolina","North Dakota","Ohio","Oklahoma","Oregon","Pennsylvania","Puerto Rico","Rhode Island","South Carolina","South Dakota","Tennessee","Texas","Total","Utah","Vermont","Virginia","Washington","Washington DC","West Virginia","Wisconsin","Wyoming"
2013-01-01,46.995605,8.924355,121.102347,38.739154,1403.262699,117.245123,15.838646,9.4098,218.941865,153.676744,3.315527,19.133225,259.211669,56.093548,21.464725,39.895322,30.570408,58.049193,1.918004,31.855097,9.492873,40.373004,71.828277,23.245973,26.816833,0.975621,22.497815,61.996394,2.848132,89.916528,38.907756,200.694085,436.990916,132.649076,3.62542,43.093146,51.828383,67.16488,45.970181,0.299995,2.580926,57.449641,3.065886,66.986933,670.099246,5094.144145,47.224343,0.974121,49.38657,113.102348,3.287955,3.301347,42.279023,7.547462
2013-04-01,60.555131,12.480323,134.002384,44.441293,1604.162014,144.41304,21.490941,13.283608,252.123631,204.09317,3.376702,29.27008,291.064098,77.839652,26.442631,47.294045,40.414036,71.809878,2.892067,42.718547,12.05037,48.893595,84.683095,29.467042,34.431695,3.905532,28.045017,69.29287,3.38347,120.223092,44.717922,226.635898,524.79281,177.421587,16.63853,60.478154,60.130045,82.380786,64.778157,0.291274,2.925488,73.835277,4.181648,86.41093,767.076011,6087.858605,56.420881,0.981136,64.438131,139.625544,4.131165,3.391736,58.624674,9.007772
2013-07-01,45.960645,12.17758,110.283953,40.630385,1394.922354,137.060057,16.659558,12.790885,195.354864,160.6495,2.87589,27.114834,239.410865,67.205154,27.856298,43.958617,42.884543,64.791622,1.230947,38.270653,10.957485,51.726761,92.339578,28.283845,34.746794,2.187365,27.335851,59.501634,3.122675,107.066488,32.955844,193.961088,760.826477,169.840425,8.187432,54.318431,57.669281,78.452298,57.311697,0.21365,2.4884,60.604338,4.680853,80.873011,648.454611,5633.579302,48.058716,0.92887,61.768157,147.106501,3.024256,2.803156,49.948483,9.745647
2013-10-01,45.338249,9.568414,110.051938,37.542615,1488.382782,134.186309,15.762427,11.63927,227.377034,157.077369,2.546441,25.936752,296.802968,64.270773,26.811388,44.126241,43.846911,65.849175,0.618678,35.011496,10.532636,42.014616,186.496091,26.332285,31.964597,1.314281,25.602072,57.893096,3.203892,99.228647,32.087102,206.423015,467.151757,143.254945,6.319829,51.285269,51.975661,76.153701,52.841444,0.113097,2.342424,57.588557,4.133717,78.554613,667.019718,5526.222812,50.132066,0.778805,54.601504,137.483729,2.591819,2.467868,44.851432,8.741297
2014-01-01,37.970647,7.815548,99.932333,31.268022,1329.83066,119.977132,15.313184,8.525153,199.945256,129.284456,1.887372,19.935287,276.487635,54.850464,22.476706,37.649058,29.627948,50.36252,0.398869,28.419719,8.646786,37.549541,184.035131,21.554679,25.077521,1.02535,21.551792,59.090762,2.49795,82.768399,32.745745,170.506089,1059.829037,113.89957,4.366923,43.861989,42.433686,65.194345,41.734316,0.089143,5.63032,50.720019,3.239858,64.058717,572.048405,5480.945062,50.97624,0.633986,44.276752,110.704133,2.609647,2.030834,45.806823,7.792605
2014-04-01,42.832278,9.388236,108.49536,33.496828,1373.169364,127.2314,18.321996,9.985926,212.367262,158.649739,2.024039,24.546689,261.818254,56.703075,24.213216,41.50058,33.830674,65.199998,0.682601,35.4921,11.50209,39.596094,108.676462,23.963644,32.279123,1.687969,23.161075,53.292965,3.677028,99.457934,30.049937,214.582519,1522.321713,141.594058,7.211831,47.120191,46.21606,63.444546,48.372723,0.069601,3.210279,56.848746,5.151394,71.197445,653.494348,6224.68035,46.687888,0.704923,55.868808,109.964363,2.833615,2.552071,48.427473,9.511819
2014-07-01,45.700259,11.427496,99.162818,38.495605,1396.741823,149.119033,17.733027,13.079025,205.65006,166.898232,2.047711,27.591762,251.869083,68.103635,29.083207,44.257187,46.571995,65.606054,1.529621,36.842128,11.005196,55.047055,190.308232,28.755979,37.003974,3.310092,27.412209,57.65846,3.361814,106.40317,29.769193,215.832454,769.974799,175.150257,11.109691,54.68463,53.853597,77.176706,54.185435,0.070078,3.939746,64.062454,6.130105,87.519517,702.20588,5879.516412,48.002692,0.787336,62.261916,153.427722,2.80379,3.015463,54.9544,10.822609
2014-10-01,43.744959,9.969707,103.970534,35.84232,1418.801221,138.627919,15.637338,11.821142,219.947423,164.205218,2.549173,25.32568,282.800074,64.10041,28.402112,41.388063,42.771218,68.414056,0.694042,32.751237,10.570018,46.688921,218.379852,26.879676,32.913295,2.112954,25.529326,57.547921,3.075243,91.867944,31.085925,198.829278,902.982513,147.924999,10.360746,47.473273,50.460207,71.854119,50.399989,0.084474,2.443817,59.957814,4.896769,80.096136,718.284181,5942.897956,46.648944,0.8853,53.092252,128.799698,2.708167,2.645445,54.19278,9.462134
2015-01-01,42.193088,7.556505,151.375721,33.247974,1676.78102,118.737426,14.993739,7.756346,204.545338,195.209186,5.515399,16.515216,295.842193,56.674546,24.089043,40.16206,29.625173,79.649782,1.066792,30.737283,12.198791,51.73711,177.062332,22.477095,33.068395,2.971259,27.192737,65.022607,3.28132,84.984073,35.680722,179.536361,519.248353,107.589038,18.339124,38.887744,49.055164,56.221934,49.735984,1.882323,3.721483,42.827928,5.403152,68.327073,770.326099,5741.663555,39.334176,2.931023,59.295823,101.365635,2.547949,5.098841,62.191437,9.84664
2015-04-01,53.756071,11.186138,148.066873,44.222105,1910.923474,133.148589,19.980473,11.308952,250.856826,248.645579,6.040955,25.674821,311.091332,66.592583,28.888159,45.149865,37.305162,99.182267,1.648478,43.195262,17.618212,63.346802,159.951755,29.830555,44.422851,5.861475,29.322253,65.830502,4.956907,105.946063,36.580215,237.13571,63.331408,150.853115,26.997882,54.426338,57.31634,63.788683,69.115647,1.306933,4.843231,63.794022,8.392934,90.642759,874.457475,6169.301128,43.525258,2.976057,88.632433,122.996075,3.112804,3.029448,66.942736,11.152286
2015-07-01,52.25144,14.678774,139.112355,49.564192,1899.720758,151.852089,21.227378,12.004277,231.473644,247.703121,6.657361,28.397876,319.928392,69.092075,32.931364,46.769253,47.289627,94.80392,8.728254,45.300684,19.643714,72.075524,138.63865,27.199609,51.034612,9.016504,33.195608,66.673599,5.788092,114.825504,37.426245,252.114158,70.860734,167.869015,35.217827,59.107172,61.103098,69.681279,74.090732,1.568563,4.952549,64.823878,11.427901,102.097295,912.936831,6373.137785,45.143109,3.86047,95.884222,155.791634,3.40662,3.463357,69.172027,13.560819
2015-10-01,49.654287,9.774035,141.938648,43.849975,1873.336972,132.745797,19.55889,10.17521,238.056247,230.401522,7.913182,24.517695,309.064973,63.251246,29.668653,44.32766,40.447754,92.781841,6.079662,42.140601,19.777403,62.430438,113.172575,30.354195,42.433695,7.227466,32.238121,61.262075,6.331413,105.767,34.825805,236.383028,53.112351,142.065475,33.514135,50.143563,55.572522,58.947574,63.902425,1.800282,4.850472,55.438733,11.662253,94.189343,862.70181,5975.730578,42.673428,3.805435,81.235358,113.479046,3.52239,5.499077,64.368965,11.357877
2016-01-01,51.849706,10.180014,165.6832,44.821736,2000.789803,130.58569,18.203425,9.58248,257.458075,234.353354,6.915306,20.326522,332.251153,65.708781,29.042045,42.720807,32.490172,76.779514,1.769124,36.95925,17.121497,60.759842,126.076666,25.747816,39.663987,3.536972,33.178003,69.922034,4.560659,98.827586,35.260105,223.194397,56.352933,128.456212,14.067978,44.272733,53.726483,61.518002,55.293371,2.552157,4.808795,60.830951,6.080789,88.467066,880.685734,6086.219377,45.421554,4.780949,70.333458,113.882982,2.59343,5.524546,70.380389,9.869144
2016-04-01,66.406687,10.418436,148.092642,52.743094,1905.908374,187.235984,25.555565,18.645707,345.281609,253.56138,3.135516,42.345207,331.878655,97.499402,38.193422,50.840745,54.536046,64.456694,1.03091,49.202995,14.126012,57.864521,93.755881,33.558548,46.25834,2.707087,34.481379,84.362115,5.38759,131.808174,37.557093,304.447087,102.646911,213.190667,4.625374,65.415224,59.621459,99.62394,64.679552,0.546371,5.722171,105.684018,6.295407,110.918008,941.439817,6791.287978,65.728667,1.760378,69.312696,195.353475,3.760169,3.401789,68.830675,9.448313
2016-07-01,55.462327,10.643635,160.331804,53.603,2112.121123,166.791903,21.616569,12.511405,252.485973,249.757153,7.372095,30.533368,332.047178,73.055581,34.120982,46.813697,46.013029,88.850548,2.245081,45.416606,21.845652,77.601037,126.432067,28.668359,48.770826,5.331322,38.527463,74.560564,5.555326,110.483545,37.685941,250.870388,65.35807,180.325265,16.878603,57.761004,57.421822,75.154566,65.706236,2.42162,5.802099,75.051876,8.65112,110.076813,969.875481,6730.860398,52.098652,5.067981,88.920248,173.962069,3.623135,6.509301,70.591577,11.477313
2016-10-01,56.640863,9.368241,167.37455,52.797795,2142.867032,164.586336,21.451458,11.221285,269.379467,247.205714,7.520863,27.887907,342.267141,73.239317,34.560767,48.470333,45.473673,94.860418,1.864097,43.852135,19.97259,72.725771,130.543721,30.674097,48.107041,4.864268,38.302016,73.856073,5.557143,107.683018,38.03179,254.39812,64.575036,166.665839,16.541104,55.567664,57.135886,71.960309,64.024024,2.516841,5.621754,72.04112,8.441512,109.014578,994.588734,6760.885132,52.10988,5.094114,85.622331,149.481988,3.057,6.399738,72.261897,10.558743
2017-01-01,59.146174,8.022682,190.571068,51.710038,2136.90272,154.529921,18.014389,11.096297,305.930906,261.201181,7.401124,22.181751,344.472114,75.657466,31.248346,47.22766,39.734226,89.003463,2.2176,37.832846,17.628316,71.575618,140.608584,27.61263,47.265035,4.765169,33.4193,77.274935,5.435089,99.041741,38.229118,241.371226,65.182089,163.415718,12.609887,53.032897,59.056275,67.763221,59.766584,2.764766,4.132418,79.504412,6.317054,118.080822,1025.790486,6789.145284,47.21244,6.480133,83.588396,139.012446,2.67347,6.031615,78.492415,9.909007
2017-04-01,64.141186,9.291913,184.471616,59.125776,2299.897254,192.953446,21.561919,13.044568,306.519314,287.617568,8.286727,30.464091,369.038295,81.351889,35.03343,52.565241,45.602157,102.298292,1.926234,47.94479,22.465348,81.677985,139.744539,33.837842,57.1429,5.60837,39.496243,80.592815,5.769688,115.965058,41.95416,270.16136,78.437313,185.916008,19.200944,64.297725,64.36056,74.96246,72.244657,2.98299,5.051006,84.730086,8.483371,123.473752,1156.512761,7469.323214,54.62487,5.615175,96.255365,162.881388,3.011972,6.748025,80.601016,11.379756
2017-07-01,61.828382,9.219697,179.408002,57.266507,2280.446295,188.22113,21.399238,12.991123,271.726256,273.8043,8.363876,32.859548,371.798906,82.455799,36.603016,52.634709,52.396032,101.665735,2.346407,47.689308,22.714778,92.052785,141.695569,32.483011,56.786229,6.086853,40.912967,82.812142,5.697253,113.95704,42.710532,267.289685,59.550236,201.141819,19.674369,66.140927,65.07853,82.225017,72.339984,3.015117,5.124867,81.577554,9.24783,127.81132,1148.645744,7454.709611,55.355821,5.701031,100.086987,199.099284,2.924023,6.91179,80.142154,12.592097
2017-10-01,64.325579,9.488539,188.188437,59.279773,2400.885972,208.171143,21.138805,12.141742,304.711625,283.249074,8.760249,32.908432,377.072606,82.46696,36.88569,54.543587,53.73309,109.059844,2.050253,47.297099,23.230037,87.204032,149.456052,33.964049,56.622688,6.086946,41.944982,82.939716,5.798066,111.46194,44.263247,275.614692,59.662716,189.199884,20.102363,64.548551,65.641272,84.780686,72.961859,3.116124,5.17811,82.485487,9.572168,128.762856,1205.704468,7714.691077,58.636874,5.868775,98.559576,179.859363,2.992246,6.914766,83.012241,12.185746
2018-01-01,54.249835,7.803983,202.951076,49.999713,2192.741974,185.63808,17.348561,10.154019,297.80808,240.666322,7.379232,23.933903,308.756958,73.787679,30.930607,47.365565,38.297131,83.390448,2.287192,32.795282,18.704926,73.462739,179.637284,23.175765,45.297222,5.237009,31.252517,79.851418,5.59552,95.056166,46.625341,229.961948,78.650159,152.823588,14.249115,53.713856,57.935195,71.359514,55.359599,2.471987,3.653454,75.763563,7.179312,111.477984,1134.258728,6945.560754,54.330344,6.880475,80.343102,146.026902,2.915742,7.257748,76.34476,10.422132
2018-04-01,77.165406,10.275021,222.536058,61.862848,2746.761318,234.650056,23.710171,14.358573,362.035777,338.108799,9.759098,38.395939,414.74915,99.598876,43.504632,62.045387,53.098281,123.854607,2.171254,55.191882,26.761809,98.634035,181.931853,38.649039,65.673074,6.540262,46.666135,97.55933,6.382495,169.045295,54.359944,312.471313,39.490556,215.559184,22.745435,75.742088,76.754852,93.642043,80.861752,3.633487,5.965774,99.330643,10.578358,148.991957,1385.290434,8877.129993,69.18264,6.631749,113.885697,206.433003,4.928316,7.765881,97.577255,13.631172
2018-07-01,68.753175,9.987727,212.163276,53.259579,2486.378865,239.709441,21.944536,13.531079,307.932848,303.169686,9.042293,37.577114,372.666426,92.393741,41.426629,56.253468,55.640182,112.86594,2.439036,50.901856,25.227034,102.687514,171.585992,34.846878,60.31727,6.204911,43.269008,89.177917,6.005593,148.337955,51.510996,287.468949,35.734002,209.341634,21.797999,72.632295,70.408783,93.052744,75.570733,3.325411,5.534048,89.368269,10.631304,143.169152,1249.198042,8166.597341,63.702794,6.229807,108.393063,217.068573,5.643459,7.936191,90.012926,13.169198
2018-10-01,72.487999,10.035138,215.720905,55.53419,2694.387666,237.996186,22.599317,13.21167,335.913575,317.725375,9.704719,38.981033,404.145813,95.35984,42.235685,59.421718,58.175659,121.419866,2.216695,52.81961,26.633109,100.392125,174.969251,37.116607,62.375092,6.369041,45.876829,92.102602,6.437975,143.531702,54.027465,308.444058,73.157552,205.512771,23.089284,73.684098,72.927745,98.50284,79.799403,3.546823,5.788506,90.088859,11.240993,143.840054,1325.092604,8628.639044,69.10553,6.584625,109.901109,197.870872,3.388361,8.12695,96.121079,12.900471
2019-01-01,68.124893,10.132788,209.526865,50.131746,2406.021833,210.513121,19.993498,11.491626,326.313094,288.866091,8.848335,27.050607,370.705084,82.436842,35.774371,53.278371,42.379313,107.805294,1.950612,45.14248,24.228342,84.904459,153.658991,31.755153,52.917161,5.799348,40.837615,84.592661,5.689315,128.396851,51.823904,277.852676,29.688536,178.095172,21.313242,62.782269,65.967176,76.556865,69.557927,3.283713,5.189933,82.983482,9.456781,127.464057,1223.160694,7693.194982,59.382006,6.050892,96.433057,148.49881,3.199938,7.042959,86.342647,11.801486
2019-04-01,81.209295,11.657902,244.739707,60.488789,2827.298892,277.903324,24.074354,14.894837,373.142942,358.683849,10.381283,41.155361,419.184247,99.837331,43.549568,64.705402,55.453055,130.320546,2.37522,56.790167,29.263413,106.141437,181.478665,40.378768,67.47672,7.415914,49.915774,100.091321,7.159287,156.322215,61.920261,327.78112,36.677212,230.955711,24.704258,82.872433,78.050264,94.445563,85.988079,3.843548,6.386008,103.982783,11.580244,156.81985,1441.262892,9220.571743,72.786781,7.243697,119.684424,204.964141,3.745505,8.7129,98.920319,13.754165
2019-07-01,69.520349,17.756014,271.258053,62.816524,2867.209861,299.92656,22.291609,15.054531,345.166358,309.042131,7.833772,48.933954,384.979072,106.373115,50.327797,67.72075,70.865407,96.166771,6.6854,49.802787,27.966693,124.467456,209.461063,37.947875,77.514439,11.44298,53.330342,111.364517,8.822665,146.145022,71.734088,316.145631,35.864574,254.205356,50.570161,98.546191,73.902203,111.596761,86.256454,2.64466,5.297044,97.731504,13.920018,171.63062,1595.840105,9550.436144,76.927102,6.69973,108.627294,257.521377,2.791508,11.287459,106.644842,15.857595
2019-10-01,63.364379,12.449093,286.131047,57.001973,2784.708832,280.569196,21.881733,12.533003,318.519248,292.02979,7.893722,43.856894,329.51,97.551058,44.201987,66.013858,63.568636,99.112027,6.023207,41.128562,24.438659,98.061664,206.005657,35.237359,67.601912,7.092694,51.494017,104.479935,7.699609,130.866518,67.703821,289.229718,26.399966,232.701436,35.392793,81.476423,68.492309,101.998063,73.66539,2.874132,5.043518,90.070537,11.223725,155.185806,1546.047757,8951.915675,72.501755,4.59489,94.032654,208.130519,3.102182,9.326749,97.772364,13.922899
2020-01-01,67.206147,14.275632,348.333201,53.275133,3094.547311,264.079189,19.648542,12.378516,376.595393,253.545094,8.037721,34.786315,339.310758,91.369403,39.987758,64.189891,48.303366,93.273684,2.836155,36.896793,21.616182,89.255161,119.513774,28.812948,57.718953,4.58683,46.777595,112.266499,6.163011,129.512397,70.775781,273.975106,191.049423,191.512588,20.591879,70.75998,66.741757,96.308807,62.810092,0.359154,4.539759,85.468599,8.112417,145.627749,1588.874858,9214.445036,72.656315,2.059559,83.670208,182.935501,2.638021,8.17404,94.264343,11.439748
2020-04-01,68.708719,20.84523,435.138906,62.140364,3252.491731,282.787406,18.770027,13.228277,327.758495,288.903232,7.881426,45.86119,308.936114,93.42003,44.031561,70.59939,53.315676,105.445847,4.020399,35.619691,18.940078,97.788155,123.651553,34.824735,71.706644,9.471631,51.642919,117.978938,7.527518,123.115162,79.596005,220.964406,182.618966,218.969416,26.55708,83.205123,72.737426,101.720764,67.260433,0.442167,3.973565,93.976883,10.159849,160.745939,1768.044188,9791.865051,81.602832,1.772271,89.256033,212.514272,1.711592,7.522713,97.316444,12.64564
2020-07-01,73.838964,23.395421,389.95361,69.606803,3568.875245,279.991825,20.642038,14.505098,327.498417,292.576988,8.46023,49.271931,342.201081,109.051282,52.385623,73.540233,65.737062,88.402361,10.380149,43.001239,23.482264,131.255435,146.731451,36.066883,84.377447,12.69994,52.922569,125.421662,8.459839,142.487951,79.56282,268.828439,186.659228,249.963334,33.971692,97.692611,74.282101,117.523345,79.712797,0.549047,5.384434,97.776602,13.174774,179.11194,1750.007809,10484.07438,84.560987,2.264039,104.530655,256.719803,2.572263,9.296517,108.47105,14.237052
2020-10-01,76.364698,19.668427,391.731351,65.087207,3646.357987,282.385428,20.623025,13.670749,343.837336,297.909216,8.135764,47.234672,348.47138,105.303161,48.2355,72.778543,62.043494,103.059851,5.233462,42.664595,24.253498,115.159805,166.620209,37.34568,75.751904,6.974771,48.661005,123.961576,7.744099,137.280774,69.439993,265.933689,185.173606,234.5134,24.513762,85.353991,72.680578,116.186634,74.511046,0.466409,5.088639,95.206711,10.931391,179.571492,1733.995324,10444.083966,85.209495,2.285901,106.118482,218.04364,2.613479,9.790319,108.770096,13.136722
2021-01-01,76.072578,12.350627,430.740971,55.714565,3769.545474,257.114459,19.359744,12.113188,399.471022,288.743847,8.541367,39.511363,357.888382,111.432317,43.74594,68.667313,50.264105,104.510219,3.59409,49.060123,26.95462,104.063966,173.179703,32.337943,66.541854,5.849539,48.808721,128.548193,7.084833,138.259444,72.599238,241.408536,184.764313,211.085919,14.982137,76.743614,69.81196,107.132947,65.21341,0.406768,5.026413,93.375864,8.288664,164.260987,1742.697507,10451.17296,85.496364,2.008033,100.125434,190.377052,2.576229,8.330527,102.453488,11.937046
2021-04-01,89.08712,9.847633,499.653231,77.727563,4471.374114,317.559005,25.610843,15.633648,470.71534,407.684997,11.067542,59.441076,412.726723,145.583625,56.535545,86.681372,67.456089,137.397377,4.659532,69.318847,37.504496,139.369065,223.744792,42.347364,90.809137,11.005978,58.79251,153.634302,11.119329,169.833099,89.985704,304.881622,172.396134,268.921711,34.651469,107.793335,85.947849,123.778635,93.25571,0.405369,6.199181,116.04134,11.991591,210.614252,2163.976403,12801.308215,104.882546,1.892098,127.75162,250.909512,2.873892,11.418258,121.537924,15.280766
2021-07-01,86.664484,13.665704,465.679483,80.582591,4456.135246,321.681897,28.648898,16.864751,416.501911,380.93907,12.351952,64.698054,426.260854,156.514327,64.680061,87.964339,77.050509,111.81575,14.706147,60.749005,40.054385,156.122956,252.230648,42.091525,95.020854,17.975581,65.236236,152.899902,12.175506,189.773865,92.354448,342.958202,265.560332,270.221878,57.162924,120.057392,83.52438,135.943774,106.730793,0.431452,6.956373,111.909618,16.269134,217.227257,2220.391307,13106.725751,107.504393,2.114702,134.277624,282.146489,3.488925,12.260103,130.698205,18.799555
2021-10-01,89.832254,10.529392,527.906819,78.56677,4850.478897,312.576051,24.622348,15.876439,447.13566,355.068259,12.928158,62.546985,448.801994,157.779878,61.126936,91.11738,76.786191,148.334432,7.44364,54.053125,37.54606,146.442547,248.346642,44.634719,88.412476,12.450068,64.261918,158.820832,11.451653,183.41711,90.539005,327.061338,263.897549,266.887336,39.008673,107.041523,88.210822,137.741574,103.331579,0.547909,6.195666,110.919382,13.412106,216.457261,2352.920426,13623.512424,110.410557,2.443996,130.857826,266.544074,3.608669,11.598898,127.96364,16.616982
2022-01-01,81.051959,8.974723,507.16609,61.404998,4405.881415,256.184814,19.633932,12.119845,455.230578,326.231974,11.644097,42.596893,402.645552,131.567078,46.738212,77.105359,59.685948,130.782613,3.798158,44.958092,30.267179,124.959786,202.028394,36.345305,73.708901,10.571526,53.381575,141.745937,8.62791,159.694008,81.151621,267.150811,238.6623,220.319666,22.610924,83.064703,72.396802,109.444151,77.933278,0.46863,5.15218,97.798695,7.947056,187.491963,2061.137954,12018.880652,96.35163,1.598392,104.062537,220.008422,3.081748,9.91593,110.497375,13.901033
2022-04-01,100.963696,10.186988,572.936972,90.297947,5078.237806,325.608451,27.242166,16.603668,492.908779,396.842231,14.096632,65.729885,448.651066,165.222193,63.177854,97.838163,75.619417,158.53409,6.633455,60.522718,38.99192,174.441118,250.140792,46.931718,99.507976,19.557026,61.530582,165.35301,12.619424,200.776186,97.801288,345.58499,296.434406,290.051477,42.691568,119.842226,87.814353,128.711756,111.25125,0.418681,6.476897,121.697529,14.466073,243.053072,2398.985385,14332.924046,123.992609,2.063445,133.519119,257.077376,3.670932,15.541181,136.44318,17.631324
2022-07-01,104.303933,15.059887,563.497228,104.996554,5207.380593,366.915975,29.003575,17.088344,476.590617,507.039709,14.800673,74.695538,486.989967,172.006524,73.087899,103.915425,85.573447,129.499453,15.890814,64.93293,41.287349,191.50538,199.433368,48.128196,116.570404,22.678915,71.393695,173.984446,16.02827,214.68021,109.618283,384.411721,318.258906,316.408198,71.960899,139.871405,86.542452,142.927382,129.667581,0.534447,6.751985,126.049795,21.785849,255.797124,2441.397788,15039.763159,129.044744,2.723941,142.169936,310.388463,3.682629,15.723617,154.404698,20.681998
2022-10-01,109.760533,10.705451,587.79704,96.933913,5362.212255,374.271584,32.335293,16.729525,523.594759,403.338615,17.734581,71.090192,492.390766,168.224917,69.189269,101.900364,84.028351,141.731221,9.607399,63.566503,39.244964,164.239753,174.487041,49.47676,98.859319,14.18502,67.503433,176.888756,18.001659,213.865669,101.628397,396.302251,285.653381,304.324002,63.617968,119.306851,89.44867,132.528464,118.75226,1.58246,6.914807,129.986717,16.980671,248.142578,2444.061654,14975.176479,126.846061,3.676723,136.579758,308.057898,5.59284,15.570354,146.606132,19.120677
2023-01-01,84.876883,22.535262,539.515689,85.646229,4932.040946,287.304528,25.170124,12.064321,354.484546,457.13817,59.009815,44.456278,423.931968,130.193737,97.356784,102.926324,59.884125,120.605173,20.226625,47.493553,42.78446,134.106683,148.385965,44.471096,82.6811,15.827647,52.094318,192.666489,8.737441,173.93345,92.955113,278.118564,227.36714,220.425931,48.174906,219.821787,82.690787,109.47672,94.843835,13.105827,6.63172,117.70948,11.128576,216.411239,2199.579874,13419.71969,103.92408,19.02669,98.752153,273.130882,15.011203,11.656512,126.590119,30.636823
2023-04-01,96.696331,26.010519,621.699957,121.126821,5546.597042,336.912807,28.769177,15.294376,366.308138,542.262562,71.552036,63.375112,501.69298,158.711893,127.107981,126.614646,79.200597,145.353563,25.164094,57.736657,51.575914,172.660445,178.906184,59.764201,111.621614,26.801492,63.406813,225.710871,13.870643,207.640041,110.921556,351.752061,238.13367,270.578935,74.745057,280.804058,101.990146,128.393678,129.387606,16.811773,6.889416,139.650931,18.172249,261.365392,2557.444047,15674.658409,125.511647,22.64948,123.323404,325.198737,17.675637,14.357534,149.887086,38.868802
2023-07-01,175.310361,26.645327,300.641733,117.467704,4870.734295,680.049962,50.70403,39.254235,568.498005,674.605964,63.296369,96.049981,603.100034,221.189081,142.505637,128.788927,132.289707,109.882541,22.653175,100.972036,54.01726,187.668072,169.177222,85.833723,114.037906,26.68421,67.674759,222.188911,9.739954,381.867226,99.084208,521.824957,147.326214,474.717047,27.992824,344.09167,135.085204,216.064652,169.361696,16.915816,8.545414,243.177702,19.647969,308.70496,2248.376633,16253.966719,159.636917,24.944669,179.380275,247.069797,20.030939,16.484108,141.944148,40.030553
2023-10-01,152.364136,22.620251,286.063706,103.44271,5345.553815,587.066741,43.587426,32.209757,565.950769,601.745621,60.566179,86.838137,546.675488,183.916455,127.230239,117.496728,111.823476,106.495032,19.004386,84.422923,50.633327,146.862643,149.994315,76.391995,99.811702,19.919585,59.79105,204.525275,8.165663,348.66459,88.959409,450.474165,72.320347,388.492577,23.962015,301.200136,123.042916,184.98007,144.002085,16.069443,7.979983,207.645297,16.549576,273.13047,2240.717868,15576.722063,141.792411,23.593577,123.035083,201.894628,25.221334,11.004329,125.050264,35.76996
2024-01-01,136.471239,19.95656,282.839012,87.139962,4581.879283,513.568306,40.430565,27.933208,554.465248,525.518115,55.727785,67.42031,500.077455,155.131832,107.968086,101.589047,90.432856,85.491439,16.815759,70.471352,46.734976,120.361884,123.332463,63.74272,84.243285,17.353625,51.895803,187.012667,9.018502,305.272677,89.455716,409.358852,47.83903,323.947476,22.04529,260.25771,105.397282,155.048381,123.527718,14.499765,9.136713,187.379377,16.494055,243.786798,1913.821809,13557.864211,118.467417,23.957908,110.596953,160.253061,37.565727,8.800279,114.535734,31.395139
2024-04-01,172.954735,22.214042,341.774129,115.658326,5502.688002,654.013517,49.970915,36.057746,606.617734,674.9119,63.279951,87.569186,598.678978,194.052597,131.914234,128.848068,118.735799,114.979098,19.513132,92.105538,50.907897,167.012899,130.258561,83.692564,115.592575,22.475338,65.228059,228.063046,8.379395,387.605711,101.17256,478.642288,59.991216,436.367532,27.142515,330.089531,130.512577,201.891579,165.695059,16.521873,7.703777,243.725327,14.932596,287.43618,2394.5657,16638.939774,148.083392,23.306927,137.121398,222.281928,38.388334,11.834637,137.911134,37.868042
2024-07-01,169.047024,22.881488,325.557882,117.629924,5276.861649,706.372072,46.751126,36.135225,522.384393,631.742722,61.593862,101.573025,600.952355,204.770748,138.171084,129.529366,126.740463,106.845898,21.07341,88.38028,47.784669,188.221701,129.238856,82.104886,120.393069,25.568947,70.852052,229.224866,8.090188,385.365856,105.633601,463.366013,67.638096,443.075805,28.34022,336.766153,131.051148,229.407712,164.993564,16.126132,7.020426,234.136556,16.512107,292.80757,2370.998321,16473.50355,155.284768,22.782636,173.527027,254.867437,37.683197,12.209125,146.950025,40.486825
2024-10-01,163.175874,20.84539,339.901108,111.06022,5051.0258,655.106082,44.902763,34.05759,544.087132,622.635091,58.121322,89.380666,604.83832,196.099125,129.034474,126.441011,117.906158,116.488035,18.432747,83.019079,44.582242,164.478302,122.320815,83.366615,112.033499,21.011682,66.988288,221.030867,7.134067,366.651237,99.230312,450.32549,54.330287,422.150819,26.406785,313.504162,128.174092,207.594798,156.94242,15.160267,6.685274,228.572864,14.650492,269.624414,2322.902145,15859.142707,146.775635,20.924156,160.616422,239.172549,45.853285,11.900407,145.278786,36.211245
2025-01-01,151.976311,18.124568,325.324932,93.315581,4414.684177,478.159421,40.046843,30.781195,565.779876,554.68215,51.253807,62.891805,557.782443,174.809053,107.830763,107.49816,96.634858,92.153794,14.883565,70.160369,38.364418,130.137442,104.287535,71.930131,94.109006,15.357889,54.681895,202.152695,5.852913,350.809144,90.821765,423.345936,47.213705,360.886977,20.501297,270.945647,112.00314,170.217537,137.145512,13.406905,6.164283,211.120693,11.133597,232.981641,1996.524912,13869.898561,126.380494,17.942243,133.683318,193.387201,44.337944,10.984138,131.136115,31.176822
2025-04-01,175.355131,15.28239,337.309151,107.942509,4676.195532,347.5614,44.742648,38.407619,578.563525,617.647664,39.979551,88.065351,580.445642,199.688907,104.795132,114.305205,123.903125,107.954705,12.787112,83.282823,37.792162,163.147824,114.020221,83.299711,116.791349,17.870159,63.203807,204.916164,6.71048,404.65918,99.763492,449.821178,56.875139,451.614572,20.698096,275.732572,125.417074,189.490403,159.112043,9.914274,6.66949,244.908639,15.547887,279.370952,2196.455534,14904.868522,141.150398,14.281363,135.797155,209.499614,32.111499,13.136643,141.065872,29.808454
2025-07-01,179.962386,16.534773,351.02146,115.967761,4827.905956,376.528003,46.34594,39.735509,534.37242,603.503814,39.57981,99.111272,604.441248,218.661713,115.045579,119.794453,137.595734,104.386462,15.309785,89.166359,41.452732,194.242259,126.564132,86.606261,127.120105,20.554927,71.101053,213.969432,7.659482,427.37258,109.025063,469.521022,60.364559,485.380636,23.957282,292.52236,136.517656,216.903952,168.268279,9.989066,8.706368,245.692262,22.886253,308.51665,2311.750868,15622.489062,152.162917,15.440234,169.11085,228.605877,32.599581,15.023353,155.116303,32.814271
