us_state,state,municipality
Alabama,Baja California,San Quintin
Alabama,Chiapas,Capitan Luis Angel Vidal
Alabama,Chiapas,El Parral
Alabama,Chiapas,Emiliano Zapata
Alabama,Chiapas,Jiquipilas
Alabama,Chiapas,Mezcalapa
Alabama,Chiapas,Rincon Chamula San Pedro
Alabama,Chihuahua,Temosachic
Alabama,Guerrero,Zihuatanejo De Azueta
Alabama,Morelos,Coatetelco
Alabama,Morelos,Xoxocotla
Alabama,Morelos,Zacatepec
Alabama,Morelos,Zacualpan De Amilpas
Alabama,Oaxaca,Animas Trujano
Alabama,Oaxaca,Heroica Ciudad De Juchitan De Zaragoza
Alabama,Oaxaca,Nuevo Zoquiapam
Alabama,Oaxaca,San Andres Huayapam
Alabama,Oaxaca,San Andres Teotilalpam
Alabama,Oaxaca,San Felipe Tejalapam
Alabama,Oaxaca,San Jeronimo Tecoatl
Alabama,Oaxaca,San Mateo Yucutindoo
Alabama,Oaxaca,San Pedro Sochiapam
Alabama,Oaxaca,San Pedro Totolapam
Alabama,Oaxaca,Santiago Choapam
Alabama,Oaxaca,Tamazulapam Del Espiritu Santo
Alabama,Puebla,Tilapa
Alabama,Quintana Roo,Bacalar
Alabama,Quintana Roo,Puerto Morelos
Alabama,Tlaxcala,Atltzayanca
Alabama,Tlaxcala,San Damian Texoloc
Alabama,Tlaxcala,Yauhquemehcan
Alabama,Tlaxcala,Ziltlaltepec De Trinidad Sanchez Santos
Alabama,Veracruz De Ignacio De La Llave,Alamo Temapache
Alabama,Veracruz De Ignacio De La Llave,Cazones De Herrera
Alabama,Veracruz De Ignacio De La Llave,Huiloapan De Cuauhtemoc
Alabama,Veracruz De Ignacio De La Llave,Tuxpan
Alabama,Zacatecas,Teul De Gonzalez Ortega
Alaska,Baja California,San Quintin
Alaska,Chiapas,Capitan Luis Angel Vidal
Alaska,Chiapas,El Parral
Alaska,Chiapas,Emiliano Zapata
Alaska,Chiapas,Jiquipilas
Alaska,Chiapas,Mezcalapa
Alaska,Chiapas,Rincon Chamula San Pedro
Alaska,Chihuahua,Temosachic
Alaska,Guerrero,Zihuatanejo De Azueta
Alaska,Morelos,Coatetelco
Alaska,Morelos,Xoxocotla
Alaska,Morelos,Zacatepec
Alaska,Morelos,Zacualpan De Amilpas
Alaska,Oaxaca,Animas Trujano
Alaska,Oaxaca,Heroica Ciudad De Juchitan De Zaragoza
Alaska,Oaxaca,Nuevo Zoquiapam
Alaska,Oaxaca,San Andres Huayapam
Alaska,Oaxaca,San Andres Teotilalpam
Alaska,Oaxaca,San Felipe Tejalapam
Alaska,Oaxaca,San Jeronimo Tecoatl
Alaska,Oaxaca,San Mateo Yucutindoo
Alaska,Oaxaca,San Pedro Sochiapam
Alaska,Oaxaca,San Pedro Totolapam
Alaska,Oaxaca,Santiago Choapam
Alaska,Oaxaca,Tamazulapam Del Espiritu Santo
Alaska,Puebla,Tilapa
Alaska,Quintana Roo,Bacalar
Alaska,Quintana Roo,Puerto Morelos
Alaska,Tlaxcala,Atltzayanca
Alaska,Tlaxcala,San Damian Texoloc
Alaska,Tlaxcala,Yauhquemehcan
Alaska,Tlaxcala,Ziltlaltepec De Trinidad Sanchez Santos
Alaska,Veracruz De Ignacio De La Llave,Alamo Temapache
Alaska,Veracruz De Ignacio De La Llave,Cazones De Herrera
Alaska,Veracruz De Ignacio De La Llave,Huiloapan De Cuauhtemoc
Alaska,Veracruz De Ignacio De La Llave,Tuxpan
Alaska,Zacatecas,Teul De Gonzalez Ortega
Arizona,Baja California,San Quintin
Arizona,Chiapas,Capitan Luis Angel Vidal
Arizona,Chiapas,El Parral
Arizona,Chiapas,Emiliano Zapata
Arizona,Chiapas,Jiquipilas
Arizona,Chiapas,Mezcalapa
Arizona,Chiapas,Rincon Chamula San Pedro
Arizona,Chihuahua,Temosachic
Arizona,Guerrero,Zihuatanejo De Azueta
Arizona,Morelos,Coatetelco
Arizona,Morelos,Xoxocotla
Arizona,Morelos,Zacatepec
Arizona,Morelos,Zacualpan De Amilpas
Arizona,Oaxaca,Animas Trujano
Arizona,Oaxaca,Heroica Ciudad De Juchitan De Zaragoza
Arizona,Oaxaca,Nuevo Zoquiapam
Arizona,Oaxaca,San Andres Huayapam
Arizona,Oaxaca,San Andres Teotilalpam
Arizona,Oaxaca,San Felipe Tejalapam
Arizona,Oaxaca,San Jeronimo Tecoatl
Arizona,Oaxaca,San Mateo Yucutindoo
Arizona,Oaxaca,San Pedro Sochiapam
Arizona,Oaxaca,San Pedro Totolapam
Arizona,Oaxaca,Santiago Choapam
Arizona,Oaxaca,Tamazulapam Del Espiritu Santo
Arizona,Puebla,Tilapa
Arizona,Quintana Roo,Bacalar
Arizona,Quintana Roo,Puerto Morelos
Arizona,Tlaxcala,Atltzayanca
Arizona,Tlaxcala,San Damian Texoloc
Arizona,Tlaxcala,Yauhquemehcan
Arizona,Tlaxcala,Ziltlaltepec De Trinidad Sanchez Santos
Arizona,Veracruz De Ignacio De La Llave,Alamo Temapache
Arizona,Veracruz De Ignacio De La Llave,Cazones De Herrera
Arizona,Veracruz De Ignacio De La Llave,Huiloapan De Cuauhtemoc
Arizona,Veracruz De Ignacio De La Llave,Tuxpan
Arizona,Zacatecas,Teul De Gonzalez Ortega
Arkansas,Baja California,San Quintin
Arkansas,Chiapas,Capitan Luis Angel Vidal
Arkansas,Chiapas,El Parral
Arkansas,Chiapas,Emiliano Zapata
Arkansas,Chiapas,Jiquipilas
Arkansas,Chiapas,Mezcalapa
Arkansas,Chiapas,Rincon Chamula San Pedro
Arkansas,Chihuahua,Temosachic
Arkansas,Guerrero,Zihuatanejo De Azueta
Arkansas,Morelos,Coatetelco
Arkansas,Morelos,Xoxocotla
Arkansas,Morelos,Zacatepec
Arkansas,Morelos,Zacualpan De Amilpas
Arkansas,Oaxaca,Animas Trujano
Arkansas,Oaxaca,Heroica Ciudad De Juchitan De Zaragoza
Arkansas,Oaxaca,Nuevo Zoquiapam
Arkansas,Oaxaca,San Andres Huayapam
Arkansas,Oaxaca,San Andres Teotilalpam
Arkansas,Oaxaca,San Felipe Tejalapam
Arkansas,Oaxaca,San Jeronimo Tecoatl
Arkansas,Oaxaca,San Mateo Yucutindoo
Arkansas,Oaxaca,San Pedro Sochiapam
Arkansas,Oaxaca,San Pedro Totolapam
Arkansas,Oaxaca,Santiago Choapam
Arkansas,Oaxaca,Tamazulapam Del Espiritu Santo
Arkansas,Puebla,Tilapa
Arkansas,Quintana Roo,Bacalar
Arkansas,Quintana Roo,Puerto Morelos
Arkansas,Tlaxcala,Atltzayanca
Arkansas,Tlaxcala,San Damian Texoloc
Arkansas,Tlaxcala,Yauhquemehcan
Arkansas,Tlaxcala,Ziltlaltepec De Trinidad Sanchez Santos
Arkansas,Veracruz De Ignacio De La Llave,Alamo Temapache
Arkansas,Veracruz De Ignacio De La Llave,Cazones De Herrera
Arkansas,Veracruz De Ignacio De La Llave,Huiloapan De Cuauhtemoc
Arkansas,Veracruz De Ignacio De La Llave,Tuxpan
Arkansas,Zacatecas,Teul De Gonzalez Ortega
California,Baja California,San Quintin
California,Chiapas,Capitan Luis Angel Vidal
California,Chiapas,El Parral
California,Chiapas,Emiliano Zapata
California,Chiapas,Jiquipilas
California,Chiapas,Mezcalapa
California,Chiapas,Rincon Chamula San Pedro
California,Chihuahua,Temosachic
California,Guerrero,Zihuatanejo De Azueta
California,Morelos,Coatetelco
California,Morelos,Xoxocotla
California,Morelos,Zacatepec
California,Morelos,Zacualpan De Amilpas
California,Oaxaca,Animas Trujano
California,Oaxaca,Heroica Ciudad De Juchitan De Zaragoza
California,Oaxaca,Nuevo Zoquiapam
California,Oaxaca,San Andres Huayapam
California,Oaxaca,San Andres Teotilalpam
California,Oaxaca,San Felipe Tejalapam
California,Oaxaca,San Jeronimo Tecoatl
California,Oaxaca,San Mateo Yucutindoo
California,Oaxaca,San Pedro Sochiapam
California,Oaxaca,San Pedro Totolapam
California,Oaxaca,Santiago Choapam
California,Oaxaca,Tamazulapam Del Espiritu Santo
California,Puebla,Tilapa
California,Quintana Roo,Bacalar
California,Quintana Roo,Puerto Morelos
California,Tlaxcala,Atltzayanca
California,Tlaxcala,San Damian Texoloc
California,Tlaxcala,Yauhquemehcan
California,Tlaxcala,Ziltlaltepec De Trinidad Sanchez Santos
California,Veracruz De Ignacio De La Llave,Alamo Temapache
California,Veracruz De Ignacio De La Llave,Cazones De Herrera
California,Veracruz De Ignacio De La Llave,Huiloapan De Cuauhtemoc
California,Veracruz De Ignacio De La Llave,Tuxpan
California,Zacatecas,Teul De Gonzalez Ortega
Colorado,Baja California,San Quintin
Colorado,Chiapas,Capitan Luis Angel Vidal
Colorado,Chiapas,El Parral
Colorado,Chiapas,Emiliano Zapata
Colorado,Chiapas,Jiquipilas
Colorado,Chiapas,Mezcalapa
Colorado,Chiapas,Rincon Chamula San Pedro
Colorado,Chihuahua,Temosachic
Colorado,Guerrero,Zihuatanejo De Azueta
Colorado,Morelos,Coatetelco
Colorado,Morelos,Xoxocotla
Colorado,Morelos,Zacatepec
Colorado,Morelos,Zacualpan De Amilpas
Colorado,Oaxaca,Animas Trujano
Colorado,Oaxaca,Heroica Ciudad De Juchitan De Zaragoza
Colorado,Oaxaca,Nuevo Zoquiapam
Colorado,Oaxaca,San Andres Huayapam
Colorado,Oaxaca,San Andres Teotilalpam
Colorado,Oaxaca,San Felipe Tejalapam
Colorado,Oaxaca,San Jeronimo Tecoatl
Colorado,Oaxaca,San Mateo Yucutindoo
Colorado,Oaxaca,San Pedro Sochiapam
Colorado,Oaxaca,San Pedro Totolapam
Colorado,Oaxaca,Santiago Choapam
Colorado,Oaxaca,Tamazulapam Del Espiritu Santo
Colorado,Puebla,Tilapa
Colorado,Quintana Roo,Bacalar
Colorado,Quintana Roo,Puerto Morelos
Colorado,Tlaxcala,Atltzayanca
Colorado,Tlaxcala,San Damian Texoloc
Colorado,Tlaxcala,Yauhquemehcan
Colorado,Tlaxcala,Ziltlaltepec De Trinidad Sanchez Santos
Colorado,Veracruz De Ignacio De La Llave,Alamo Temapache
Colorado,Veracruz De Ignacio De La Llave,Cazones De Herrera
Colorado,Veracruz De Ignacio De La Llave,Huiloapan De Cuauhtemoc
Colorado,Veracruz De Ignacio De La Llave,Tuxpan
Colorado,Zacatecas,Teul De Gonzalez Ortega
Connecticut,Baja California,San Quintin
Connecticut,Chiapas,Capitan Luis Angel Vidal
Connecticut,Chiapas,El Parral
Connecticut,Chiapas,Emiliano Zapata
Connecticut,Chiapas,Jiquipilas
Connecticut,Chiapas,Mezcalapa
Connecticut,Chiapas,Rincon Chamula San Pedro
Connecticut,Chihuahua,Temosachic
Connecticut,Guerrero,Zihuatanejo De Azueta
Connecticut,Morelos,Coatetelco
Connecticut,Morelos,Xoxocotla
Connecticut,Morelos,Zacatepec
Connecticut,Morelos,Zacualpan De Amilpas
Connecticut,Oaxaca,Animas Trujano
Connecticut,Oaxaca,Heroica Ciudad De Juchitan De Zaragoza
Connecticut,Oaxaca,Nuevo Zoquiapam
Connecticut,Oaxaca,San Andres Huayapam
Connecticut,Oaxaca,San Andres Teotilalpam
Connecticut,Oaxaca,San Felipe Tejalapam
Connecticut,Oaxaca,San Jeronimo Tecoatl
Connecticut,Oaxaca,San Mateo Yucutindoo
Connecticut,Oaxaca,San Pedro Sochiapam
Connecticut,Oaxaca,San Pedro Totolapam
Connecticut,Oaxaca,Santiago Choapam
Connecticut,Oaxaca,Tamazulapam Del Espiritu Santo
Connecticut,Puebla,Tilapa
Connecticut,Quintana Roo,Bacalar
Connecticut,Quintana Roo,Puerto Morelos
Connecticut,Tlaxcala,Atltzayanca
Connecticut,Tlaxcala,San Damian Texoloc
Connecticut,Tlaxcala,Yauhquemehcan
Connecticut,Tlaxcala,Ziltlaltepec De Trinidad Sanchez Santos
Connecticut,Veracruz De Ignacio De La Llave,Alamo Temapache
Connecticut,Veracruz De Ignacio De La Llave,Cazones De Herrera
Connecticut,Veracruz De Ignacio De La Llave,Huiloapan De Cuauhtemoc
Connecticut,Veracruz De Ignacio De La Llave,Tuxpan
Connecticut,Zacatecas,Teul De Gonzalez Ortega
Delaware,Baja California,San Quintin
Delaware,Chiapas,Capitan Luis Angel Vidal
Delaware,Chiapas,El Parral
Delaware,Chiapas,Emiliano Zapata
Delaware,Chiapas,Jiquipilas
Delaware,Chiapas,Mezcalapa
Delaware,Chiapas,Rincon Chamula San Pedro
Delaware,Chihuahua,Temosachic
Delaware,Guerrero,Zihuatanejo De Azueta
Delaware,Morelos,Coatetelco
Delaware,Morelos,Xoxocotla
Delaware,Morelos,Zacatepec
Delaware,Morelos,Zacualpan De Amilpas
Delaware,Oaxaca,Animas Trujano
Delaware,Oaxaca,Heroica Ciudad De Juchitan De Zaragoza
Delaware,Oaxaca,Nuevo Zoquiapam
Delaware,Oaxaca,San Andres Huayapam
Delaware,Oaxaca,San Andres Teotilalpam
Delaware,Oaxaca,San Felipe Tejalapam
Delaware,Oaxaca,San Jeronimo Tecoatl
Delaware,Oaxaca,San Mateo Yucutindoo
Delaware,Oaxaca,San Pedro Sochiapam
Delaware,Oaxaca,San Pedro Totolapam
Delaware,Oaxaca,Santiago Choapam
Delaware,Oaxaca,Tamazulapam Del Espiritu Santo
Delaware,Puebla,Tilapa
Delaware,Quintana Roo,Bacalar
Delaware,Quintana Roo,Puerto Morelos
Delaware,Tlaxcala,Atltzayanca
Delaware,Tlaxcala,San Damian Texoloc
Delaware,Tlaxcala,Yauhquemehcan
Delaware,Tlaxcala,Ziltlaltepec De Trinidad Sanchez Santos
Delaware,Veracruz De Ignacio De La Llave,Alamo Temapache
Delaware,Veracruz De Ignacio De La Llave,Cazones De Herrera
Delaware,Veracruz De Ignacio De La Llave,Huiloapan De Cuauhtemoc
Delaware,Veracruz De Ignacio De La Llave,Tuxpan
Delaware,Zacatecas,Teul De Gonzalez Ortega
District Of Columbia,Baja California,San Quintin
District Of Columbia,Chiapas,Capitan Luis Angel Vidal
District Of Columbia,Chiapas,El Parral
District Of Columbia,Chiapas,Emiliano Zapata
District Of Columbia,Chiapas,Jiquipilas
District Of Columbia,Chiapas,Mezcalapa
District Of Columbia,Chiapas,Rincon Chamula San Pedro
District Of Columbia,Chihuahua,Temosachic
District Of Columbia,Guerrero,Zihuatanejo De Azueta
District Of Columbia,Morelos,Coatetelco
District Of Columbia,Morelos,Xoxocotla
District Of Columbia,Morelos,Zacatepec
District Of Columbia,Morelos,Zacualpan De Amilpas
District Of Columbia,Oaxaca,Animas Trujano
District Of Columbia,Oaxaca,Heroica Ciudad De Juchitan De Zaragoza
District Of Columbia,Oaxaca,Nuevo Zoquiapam
District Of Columbia,Oaxaca,San Andres Huayapam
District Of Columbia,Oaxaca,San Andres Teotilalpam
District Of Columbia,Oaxaca,San Felipe Tejalapam
District Of Columbia,Oaxaca,San Jeronimo Tecoatl
District Of Columbia,Oaxaca,San Mateo Yucutindoo
District Of Columbia,Oaxaca,San Pedro Sochiapam
District Of Columbia,Oaxaca,San Pedro Totolapam
District Of Columbia,Oaxaca,Santiago Choapam
District Of Columbia,Oaxaca,Tamazulapam Del Espiritu Santo
District Of Columbia,Puebla,Tilapa
District Of Columbia,Quintana Roo,Bacalar
District Of Columbia,Quintana Roo,Puerto Morelos
District Of Columbia,Tlaxcala,Atltzayanca
District Of Columbia,Tlaxcala,San Damian Texoloc
District Of Columbia,Tlaxcala,Yauhquemehcan
District Of Columbia,Tlaxcala,Ziltlaltepec De Trinidad Sanchez Santos
District Of Columbia,Veracruz De Ignacio De La Llave,Alamo Temapache
District Of Columbia,Veracruz De Ignacio De La Llave,Cazones De Herrera
District Of Columbia,Veracruz De Ignacio De La Llave,Huiloapan De Cuauhtemoc
District Of Columbia,Veracruz De Ignacio De La Llave,Tuxpan
District Of Columbia,Zacatecas,Teul De Gonzalez Ortega
Florida,Baja California,San Quintin
Florida,Chiapas,Capitan Luis Angel Vidal
Florida,Chiapas,El Parral
Florida,Chiapas,Emiliano Zapata
Florida,Chiapas,Jiquipilas
Florida,Chiapas,Mezcalapa
Florida,Chiapas,Rincon Chamula San Pedro
Florida,Chihuahua,Temosachic
Florida,Guerrero,Zihuatanejo De Azueta
Florida,Morelos,Coatetelco
Florida,Morelos,Xoxocotla
Florida,Morelos,Zacatepec
Florida,Morelos,Zacualpan De Amilpas
Florida,Oaxaca,Animas Trujano
Florida,Oaxaca,Heroica Ciudad De Juchitan De Zaragoza
Florida,Oaxaca,Nuevo Zoquiapam
Florida,Oaxaca,San Andres Huayapam
Florida,Oaxaca,San Andres Teotilalpam
Florida,Oaxaca,San Felipe Tejalapam
Florida,Oaxaca,San Jeronimo Tecoatl
Florida,Oaxaca,San Mateo Yucutindoo
Florida,Oaxaca,San Pedro Sochiapam
Florida,Oaxaca,San Pedro Totolapam
Florida,Oaxaca,Santiago Choapam
Florida,Oaxaca,Tamazulapam Del Espiritu Santo
Florida,Puebla,Tilapa
Florida,Quintana Roo,Bacalar
Florida,Quintana Roo,Puerto Morelos
Florida,Tlaxcala,Atltzayanca
Florida,Tlaxcala,San Damian Texoloc
Florida,Tlaxcala,Yauhquemehcan
Florida,Tlaxcala,Ziltlaltepec De Trinidad Sanchez Santos
Florida,Veracruz De Ignacio De La Llave,Alamo Temapache
Florida,Veracruz De Ignacio De La Llave,Cazones De Herrera
Florida,Veracruz De Ignacio De La Llave,Huiloapan De Cuauhtemoc
Florida,Veracruz De Ignacio De La Llave,Tuxpan
Florida,Zacatecas,Teul De Gonzalez Ortega
Georgia,Baja California,San Quintin
Georgia,Chiapas,Capitan Luis Angel Vidal
Georgia,Chiapas,El Parral
Georgia,Chiapas,Emiliano Zapata
Georgia,Chiapas,Jiquipilas
Georgia,Chiapas,Mezcalapa
Georgia,Chiapas,Rincon Chamula San Pedro
Georgia,Chihuahua,Temosachic
Georgia,Guerrero,Zihuatanejo De Azueta
Georgia,Morelos,Coatetelco
Georgia,Morelos,Xoxocotla
Georgia,Morelos,Zacatepec
Georgia,Morelos,Zacualpan De Amilpas
Georgia,Oaxaca,Animas Trujano
Georgia,Oaxaca,Heroica Ciudad De Juchitan De Zaragoza
Georgia,Oaxaca,Nuevo Zoquiapam
Georgia,Oaxaca,San Andres Huayapam
Georgia,Oaxaca,San Andres Teotilalpam
Georgia,Oaxaca,San Felipe Tejalapam
Georgia,Oaxaca,San Jeronimo Tecoatl
Georgia,Oaxaca,San Mateo Yucutindoo
Georgia,Oaxaca,San Pedro Sochiapam
Georgia,Oaxaca,San Pedro Totolapam
Georgia,Oaxaca,Santiago Choapam
Georgia,Oaxaca,Tamazulapam Del Espiritu Santo
Georgia,Puebla,Tilapa
Georgia,Quintana Roo,Bacalar
Georgia,Quintana Roo,Puerto Morelos
Georgia,Tlaxcala,Atltzayanca
Georgia,Tlaxcala,San Damian Texoloc
Georgia,Tlaxcala,Yauhquemehcan
Georgia,Tlaxcala,Ziltlaltepec De Trinidad Sanchez Santos
Georgia,Veracruz De Ignacio De La Llave,Alamo Temapache
Georgia,Veracruz De Ignacio De La Llave,Cazones De Herrera
Georgia,Veracruz De Ignacio De La Llave,Huiloapan De Cuauhtemoc
Georgia,Veracruz De Ignacio De La Llave,Tuxpan
Georgia,Zacatecas,Teul De Gonzalez Ortega
Hawaii,Baja California,San Quintin
Hawaii,Chiapas,Capitan Luis Angel Vidal
Hawaii,Chiapas,El Parral
Hawaii,Chiapas,Emiliano Zapata
Hawaii,Chiapas,Jiquipilas
Hawaii,Chiapas,Mezcalapa
Hawaii,Chiapas,Rincon Chamula San Pedro
Hawaii,Chihuahua,Temosachic
Hawaii,Guerrero,Zihuatanejo De Azueta
Hawaii,Morelos,Coatetelco
Hawaii,Morelos,Xoxocotla
Hawaii,Morelos,Zacatepec
Hawaii,Morelos,Zacualpan De Amilpas
Hawaii,Oaxaca,Animas Trujano
Hawaii,Oaxaca,Heroica Ciudad De Juchitan De Zaragoza
Hawaii,Oaxaca,Nuevo Zoquiapam
Hawaii,Oaxaca,San Andres Huayapam
Hawaii,Oaxaca,San Andres Teotilalpam
Hawaii,Oaxaca,San Felipe Tejalapam
Hawaii,Oaxaca,San Jeronimo Tecoatl
Hawaii,Oaxaca,San Mateo Yucutindoo
Hawaii,Oaxaca,San Pedro Sochiapam
Hawaii,Oaxaca,San Pedro Totolapam
Hawaii,Oaxaca,Santiago Choapam
Hawaii,Oaxaca,Tamazulapam Del Espiritu Santo
Hawaii,Puebla,Tilapa
Hawaii,Quintana Roo,Bacalar
Hawaii,Quintana Roo,Puerto Morelos
Hawaii,Tlaxcala,Atltzayanca
Hawaii,Tlaxcala,San Damian Texoloc
Hawaii,Tlaxcala,Yauhquemehcan
Hawaii,Tlaxcala,Ziltlaltepec De Trinidad Sanchez Santos
Hawaii,Veracruz De Ignacio De La Llave,Alamo Temapache
Hawaii,Veracruz De Ignacio De La Llave,Cazones De Herrera
Hawaii,Veracruz De Ignacio De La Llave,Huiloapan De Cuauhtemoc
Hawaii,Veracruz De Ignacio De La Llave,Tuxpan
Hawaii,Zacatecas,Teul De Gonzalez Ortega
Idaho,Baja California,San Quintin
Idaho,Chiapas,Capitan Luis Angel Vidal
Idaho,Chiapas,El Parral
Idaho,Chiapas,Emiliano Zapata
Idaho,Chiapas,Jiquipilas
Idaho,Chiapas,Mezcalapa
Idaho,Chiapas,Rincon Chamula San Pedro
Idaho,Chihuahua,Temosachic
Idaho,Guerrero,Zihuatanejo De Azueta
Idaho,Morelos,Coatetelco
Idaho,Morelos,Xoxocotla
Idaho,Morelos,Zacatepec
Idaho,Morelos,Zacualpan De Amilpas
Idaho,Oaxaca,Animas Trujano
Idaho,Oaxaca,Heroica Ciudad De Juchitan De Zaragoza
Idaho,Oaxaca,Nuevo Zoquiapam
Idaho,Oaxaca,San Andres Huayapam
Idaho,Oaxaca,San Andres Teotilalpam
Idaho,Oaxaca,San Felipe Tejalapam
Idaho,Oaxaca,San Jeronimo Tecoatl
Idaho,Oaxaca,San Mateo Yucutindoo
Idaho,Oaxaca,San Pedro Sochiapam
Idaho,Oaxaca,San Pedro Totolapam
Idaho,Oaxaca,Santiago Choapam
Idaho,Oaxaca,Tamazulapam Del Espiritu Santo
Idaho,Puebla,Tilapa
Idaho,Quintana Roo,Bacalar
Idaho,Quintana Roo,Puerto Morelos
Idaho,Tlaxcala,Atltzayanca
Idaho,Tlaxcala,San Damian Texoloc
Idaho,Tlaxcala,Yauhquemehcan
Idaho,Tlaxcala,Ziltlaltepec De Trinidad Sanchez Santos
Idaho,Veracruz De Ignacio De La Llave,Alamo Temapache
Idaho,Veracruz De Ignacio De La Llave,Cazones De Herrera
Idaho,Veracruz De Ignacio De La Llave,Huiloapan De Cuauhtemoc
Idaho,Veracruz De Ignacio De La Llave,Tuxpan
Idaho,Zacatecas,Teul De Gonzalez Ortega
Illinois,Baja California,San Quintin
Illinois,Chiapas,Capitan Luis Angel Vidal
Illinois,Chiapas,El Parral
Illinois,Chiapas,Emiliano Zapata
Illinois,Chiapas,Jiquipilas
Illinois,Chiapas,Mezcalapa
Illinois,Chiapas,Rincon Chamula San Pedro
Illinois,Chihuahua,Temosachic
Illinois,Guerrero,Zihuatanejo De Azueta
Illinois,Morelos,Coatetelco
Illinois,Morelos,Xoxocotla
Illinois,Morelos,Zacatepec
Illinois,Morelos,Zacualpan De Amilpas
Illinois,Oaxaca,Animas Trujano
Illinois,Oaxaca,Heroica Ciudad De Juchitan De Zaragoza
Illinois,Oaxaca,Nuevo Zoquiapam
Illinois,Oaxaca,San Andres Huayapam
Illinois,Oaxaca,San Andres Teotilalpam
Illinois,Oaxaca,San Felipe Tejalapam
Illinois,Oaxaca,San Jeronimo Tecoatl
Illinois,Oaxaca,San Mateo Yucutindoo
Illinois,Oaxaca,San Pedro Sochiapam
Illinois,Oaxaca,San Pedro Totolapam
Illinois,Oaxaca,Santiago Choapam
Illinois,Oaxaca,Tamazulapam Del Espiritu Santo
Illinois,Puebla,Tilapa
Illinois,Quintana Roo,Bacalar
Illinois,Quintana Roo,Puerto Morelos
Illinois,Tlaxcala,Atltzayanca
Illinois,Tlaxcala,San Damian Texoloc
Illinois,Tlaxcala,Yauhquemehcan
Illinois,Tlaxcala,Ziltlaltepec De Trinidad Sanchez Santos
Illinois,Veracruz De Ignacio De La Llave,Alamo Temapache
Illinois,Veracruz De Ignacio De La Llave,Cazones De Herrera
Illinois,Veracruz De Ignacio De La Llave,Huiloapan De Cuauhtemoc
Illinois,Veracruz De Ignacio De La Llave,Tuxpan
Illinois,Zacatecas,Teul De Gonzalez Ortega
Indiana,Baja California,San Quintin
Indiana,Chiapas,Capitan Luis Angel Vidal
Indiana,Chiapas,El Parral
Indiana,Chiapas,Emiliano Zapata
Indiana,Chiapas,Jiquipilas
Indiana,Chiapas,Mezcalapa
Indiana,Chiapas,Rincon Chamula San Pedro
Indiana,Chihuahua,Temosachic
Indiana,Guerrero,Zihuatanejo De Azueta
Indiana,Morelos,Coatetelco
Indiana,Morelos,Xoxocotla
Indiana,Morelos,Zacatepec
Indiana,Morelos,Zacualpan De Amilpas
Indiana,Oaxaca,Animas Trujano
Indiana,Oaxaca,Heroica Ciudad De Juchitan De Zaragoza
Indiana,Oaxaca,Nuevo Zoquiapam
Indiana,Oaxaca,San Andres Huayapam
Indiana,Oaxaca,San Andres Teotilalpam
Indiana,Oaxaca,San Felipe Tejalapam
Indiana,Oaxaca,San Jeronimo Tecoatl
Indiana,Oaxaca,San Mateo Yucutindoo
Indiana,Oaxaca,San Pedro Sochiapam
Indiana,Oaxaca,San Pedro Totolapam
Indiana,Oaxaca,Santiago Choapam
Indiana,Oaxaca,Tamazulapam Del Espiritu Santo
Indiana,Puebla,Tilapa
Indiana,Quintana Roo,Bacalar
Indiana,Quintana Roo,Puerto Morelos
Indiana,Tlaxcala,Atltzayanca
Indiana,Tlaxcala,San Damian Texoloc
Indiana,Tlaxcala,Yauhquemehcan
Indiana,Tlaxcala,Ziltlaltepec De Trinidad Sanchez Santos
Indiana,Veracruz De Ignacio De La Llave,Alamo Temapache
Indiana,Veracruz De Ignacio De La Llave,Cazones De Herrera
Indiana,Veracruz De Ignacio De La Llave,Huiloapan De Cuauhtemoc
Indiana,Veracruz De Ignacio De La Llave,Tuxpan
Indiana,Zacatecas,Teul De Gonzalez Ortega
Iowa,Baja California,San Quintin
Iowa,Chiapas,Capitan Luis Angel Vidal
Iowa,Chiapas,El Parral
Iowa,Chiapas,Emiliano Zapata
Iowa,Chiapas,Jiquipilas
Iowa,Chiapas,Mezcalapa
Iowa,Chiapas,Rincon Chamula San Pedro
Iowa,Chihuahua,Temosachic
Iowa,Guerrero,Zihuatanejo De Azueta
Iowa,Morelos,Coatetelco
Iowa,Morelos,Xoxocotla
Iowa,Morelos,Zacatepec
Iowa,Morelos,Zacualpan De Amilpas
Iowa,Oaxaca,Animas Trujano
Iowa,Oaxaca,Heroica Ciudad De Juchitan De Zaragoza
Iowa,Oaxaca,Nuevo Zoquiapam
Iowa,Oaxaca,San Andres Huayapam
Iowa,Oaxaca,San Andres Teotilalpam
Iowa,Oaxaca,San Felipe Tejalapam
Iowa,Oaxaca,San Jeronimo Tecoatl
Iowa,Oaxaca,San Mateo Yucutindoo
Iowa,Oaxaca,San Pedro Sochiapam
Iowa,Oaxaca,San Pedro Totolapam
Iowa,Oaxaca,Santiago Choapam
Iowa,Oaxaca,Tamazulapam Del Espiritu Santo
Iowa,Puebla,Tilapa
Iowa,Quintana Roo,Bacalar
Iowa,Quintana Roo,Puerto Morelos
Iowa,Tlaxcala,Atltzayanca
Iowa,Tlaxcala,San Damian Texoloc
Iowa,Tlaxcala,Yauhquemehcan
Iowa,Tlaxcala,Ziltlaltepec De Trinidad Sanchez Santos
Iowa,Veracruz De Ignacio De La Llave,Alamo Temapache
Iowa,Veracruz De Ignacio De La Llave,Cazones De Herrera
Iowa,Veracruz De Ignacio De La Llave,Huiloapan De Cuauhtemoc
Iowa,Veracruz De Ignacio De La Llave,Tuxpan
Iowa,Zacatecas,Teul De Gonzalez Ortega
Kansas,Baja California,San Quintin
Kansas,Chiapas,Capitan Luis Angel Vidal
Kansas,Chiapas,El Parral
Kansas,Chiapas,Emiliano Zapata
Kansas,Chiapas,Jiquipilas
Kansas,Chiapas,Mezcalapa
Kansas,Chiapas,Rincon Chamula San Pedro
Kansas,Chihuahua,Temosachic
Kansas,Guerrero,Zihuatanejo De Azueta
Kansas,Morelos,Coatetelco
Kansas,Morelos,Xoxocotla
Kansas,Morelos,Zacatepec
Kansas,Morelos,Zacualpan De Amilpas
Kansas,Oaxaca,Animas Trujano
Kansas,Oaxaca,Heroica Ciudad De Juchitan De Zaragoza
Kansas,Oaxaca,Nuevo Zoquiapam
Kansas,Oaxaca,San Andres Huayapam
Kansas,Oaxaca,San Andres Teotilalpam
Kansas,Oaxaca,San Felipe Tejalapam
Kansas,Oaxaca,San Jeronimo Tecoatl
Kansas,Oaxaca,San Mateo Yucutindoo
Kansas,Oaxaca,San Pedro Sochiapam
Kansas,Oaxaca,San Pedro Totolapam
Kansas,Oaxaca,Santiago Choapam
Kansas,Oaxaca,Tamazulapam Del Espiritu Santo
Kansas,Puebla,Tilapa
Kansas,Quintana Roo,Bacalar
Kansas,Quintana Roo,Puerto Morelos
Kansas,Tlaxcala,Atltzayanca
Kansas,Tlaxcala,San Damian Texoloc
Kansas,Tlaxcala,Yauhquemehcan
Kansas,Tlaxcala,Ziltlaltepec De Trinidad Sanchez Santos
Kansas,Veracruz De Ignacio De La Llave,Alamo Temapache
Kansas,Veracruz De Ignacio De La Llave,Cazones De Herrera
Kansas,Veracruz De Ignacio De La Llave,Huiloapan De Cuauhtemoc
Kansas,Veracruz De Ignacio De La Llave,Tuxpan
Kansas,Zacatecas,Teul De Gonzalez Ortega
Kentucky,Baja California,San Quintin
Kentucky,Chiapas,Capitan Luis Angel Vidal
Kentucky,Chiapas,El Parral
Kentucky,Chiapas,Emiliano Zapata
Kentucky,Chiapas,Jiquipilas
Kentucky,Chiapas,Mezcalapa
Kentucky,Chiapas,Rincon Chamula San Pedro
Kentucky,Chihuahua,Temosachic
Kentucky,Guerrero,Zihuatanejo De Azueta
Kentucky,Morelos,Coatetelco
Kentucky,Morelos,Xoxocotla
Kentucky,Morelos,Zacatepec
Kentucky,Morelos,Zacualpan De Amilpas
Kentucky,Oaxaca,Animas Trujano
Kentucky,Oaxaca,Heroica Ciudad De Juchitan De Zaragoza
Kentucky,Oaxaca,Nuevo Zoquiapam
Kentucky,Oaxaca,San Andres Huayapam
Kentucky,Oaxaca,San Andres Teotilalpam
Kentucky,Oaxaca,San Felipe Tejalapam
Kentucky,Oaxaca,San Jeronimo Tecoatl
Kentucky,Oaxaca,San Mateo Yucutindoo
Kentucky,Oaxaca,San Pedro Sochiapam
Kentucky,Oaxaca,San Pedro Totolapam
Kentucky,Oaxaca,Santiago Choapam
Kentucky,Oaxaca,Tamazulapam Del Espiritu Santo
Kentucky,Puebla,Tilapa
Kentucky,Quintana Roo,Bacalar
Kentucky,Quintana Roo,Puerto Morelos
Kentucky,Tlaxcala,Atltzayanca
Kentucky,Tlaxcala,San Damian Texoloc
Kentucky,Tlaxcala,Yauhquemehcan
Kentucky,Tlaxcala,Ziltlaltepec De Trinidad Sanchez Santos
Kentucky,Veracruz De Ignacio De La Llave,Alamo Temapache
Kentucky,Veracruz De Ignacio De La Llave,Cazones De Herrera
Kentucky,Veracruz De Ignacio De La Llave,Huiloapan De Cuauhtemoc
Kentucky,Veracruz De Ignacio De La Llave,Tuxpan
Kentucky,Zacatecas,Teul De Gonzalez Ortega
Louisiana,Baja California,San Quintin
Louisiana,Chiapas,Capitan Luis Angel Vidal
Louisiana,Chiapas,El Parral
Louisiana,Chiapas,Emiliano Zapata
Louisiana,Chiapas,Jiquipilas
Louisiana,Chiapas,Mezcalapa
Louisiana,Chiapas,Rincon Chamula San Pedro
Louisiana,Chihuahua,Temosachic
Louisiana,Guerrero,Zihuatanejo De Azueta
Louisiana,Morelos,Coatetelco
Louisiana,Morelos,Xoxocotla
Louisiana,Morelos,Zacatepec
Louisiana,Morelos,Zacualpan De Amilpas
Louisiana,Oaxaca,Animas Trujano
Louisiana,Oaxaca,Heroica Ciudad De Juchitan De Zaragoza
Louisiana,Oaxaca,Nuevo Zoquiapam
Louisiana,Oaxaca,San Andres Huayapam
Louisiana,Oaxaca,San Andres Teotilalpam
Louisiana,Oaxaca,San Felipe Tejalapam
Louisiana,Oaxaca,San Jeronimo Tecoatl
Louisiana,Oaxaca,San Mateo Yucutindoo
Louisiana,Oaxaca,San Pedro Sochiapam
Louisiana,Oaxaca,San Pedro Totolapam
Louisiana,Oaxaca,Santiago Choapam
Louisiana,Oaxaca,Tamazulapam Del Espiritu Santo
Louisiana,Puebla,Tilapa
Louisiana,Quintana Roo,Bacalar
Louisiana,Quintana Roo,Puerto Morelos
Louisiana,Tlaxcala,Atltzayanca
Louisiana,Tlaxcala,San Damian Texoloc
Louisiana,Tlaxcala,Yauhquemehcan
Louisiana,Tlaxcala,Ziltlaltepec De Trinidad Sanchez Santos
Louisiana,Veracruz De Ignacio De La Llave,Alamo Temapache
Louisiana,Veracruz De Ignacio De La Llave,Cazones De Herrera
Louisiana,Veracruz De Ignacio De La Llave,Huiloapan De Cuauhtemoc
Louisiana,Veracruz De Ignacio De La Llave,Tuxpan
Louisiana,Zacatecas,Teul De Gonzalez Ortega
Maine,Baja California,San Quintin
Maine,Chiapas,Capitan Luis Angel Vidal
Maine,Chiapas,El Parral
Maine,Chiapas,Emiliano Zapata
Maine,Chiapas,Jiquipilas
Maine,Chiapas,Mezcalapa
Maine,Chiapas,Rincon Chamula San Pedro
Maine,Chihuahua,Temosachic
Maine,Guerrero,Zihuatanejo De Azueta
Maine,Morelos,Coatetelco
Maine,Morelos,Xoxocotla
Maine,Morelos,Zacatepec
Maine,Morelos,Zacualpan De Amilpas
Maine,Oaxaca,Animas Trujano
Maine,Oaxaca,Heroica Ciudad De Juchitan De Zaragoza
Maine,Oaxaca,Nuevo Zoquiapam
Maine,Oaxaca,San Andres Huayapam
Maine,Oaxaca,San Andres Teotilalpam
Maine,Oaxaca,San Felipe Tejalapam
Maine,Oaxaca,San Jeronimo Tecoatl
Maine,Oaxaca,San Mateo Yucutindoo
Maine,Oaxaca,San Pedro Sochiapam
Maine,Oaxaca,San Pedro Totolapam
Maine,Oaxaca,Santiago Choapam
Maine,Oaxaca,Tamazulapam Del Espiritu Santo
Maine,Puebla,Tilapa
Maine,Quintana Roo,Bacalar
Maine,Quintana Roo,Puerto Morelos
Maine,Tlaxcala,Atltzayanca
Maine,Tlaxcala,San Damian Texoloc
Maine,Tlaxcala,Yauhquemehcan
Maine,Tlaxcala,Ziltlaltepec De Trinidad Sanchez Santos
Maine,Veracruz De Ignacio De La Llave,Alamo Temapache
Maine,Veracruz De Ignacio De La Llave,Cazones De Herrera
Maine,Veracruz De Ignacio De La Llave,Huiloapan De Cuauhtemoc
Maine,Veracruz De Ignacio De La Llave,Tuxpan
Maine,Zacatecas,Teul De Gonzalez Ortega
Maryland,Baja California,San Quintin
Maryland,Chiapas,Capitan Luis Angel Vidal
Maryland,Chiapas,El Parral
Maryland,Chiapas,Emiliano Zapata
Maryland,Chiapas,Jiquipilas
Maryland,Chiapas,Mezcalapa
Maryland,Chiapas,Rincon Chamula San Pedro
Maryland,Chihuahua,Temosachic
Maryland,Guerrero,Zihuatanejo De Azueta
Maryland,Morelos,Coatetelco
Maryland,Morelos,Xoxocotla
Maryland,Morelos,Zacatepec
Maryland,Morelos,Zacualpan De Amilpas
Maryland,Oaxaca,Animas Trujano
Maryland,Oaxaca,Heroica Ciudad De Juchitan De Zaragoza
Maryland,Oaxaca,Nuevo Zoquiapam
Maryland,Oaxaca,San Andres Huayapam
Maryland,Oaxaca,San Andres Teotilalpam
Maryland,Oaxaca,San Felipe Tejalapam
Maryland,Oaxaca,San Jeronimo Tecoatl
Maryland,Oaxaca,San Mateo Yucutindoo
Maryland,Oaxaca,San Pedro Sochiapam
Maryland,Oaxaca,San Pedro Totolapam
Maryland,Oaxaca,Santiago Choapam
Maryland,Oaxaca,Tamazulapam Del Espiritu Santo
Maryland,Puebla,Tilapa
Maryland,Quintana Roo,Bacalar
Maryland,Quintana Roo,Puerto Morelos
Maryland,Tlaxcala,Atltzayanca
Maryland,Tlaxcala,San Damian Texoloc
Maryland,Tlaxcala,Yauhquemehcan
Maryland,Tlaxcala,Ziltlaltepec De Trinidad Sanchez Santos
Maryland,Veracruz De Ignacio De La Llave,Alamo Temapache
Maryland,Veracruz De Ignacio De La Llave,Cazones De Herrera
Maryland,Veracruz De Ignacio De La Llave,Huiloapan De Cuauhtemoc
Maryland,Veracruz De Ignacio De La Llave,Tuxpan
Maryland,Zacatecas,Teul De Gonzalez Ortega
Massachusetts,Baja California,San Quintin
Massachusetts,Chiapas,Capitan Luis Angel Vidal
Massachusetts,Chiapas,El Parral
Massachusetts,Chiapas,Emiliano Zapata
Massachusetts,Chiapas,Jiquipilas
Massachusetts,Chiapas,Mezcalapa
Massachusetts,Chiapas,Rincon Chamula San Pedro
Massachusetts,Chihuahua,Temosachic
Massachusetts,Guerrero,Zihuatanejo De Azueta
Massachusetts,Morelos,Coatetelco
Massachusetts,Morelos,Xoxocotla
Massachusetts,Morelos,Zacatepec
Massachusetts,Morelos,Zacualpan De Amilpas
Massachusetts,Oaxaca,Animas Trujano
Massachusetts,Oaxaca,Heroica Ciudad De Juchitan De Zaragoza
Massachusetts,Oaxaca,Nuevo Zoquiapam
Massachusetts,Oaxaca,San Andres Huayapam
Massachusetts,Oaxaca,San Andres Teotilalpam
Massachusetts,Oaxaca,San Felipe Tejalapam
Massachusetts,Oaxaca,San Jeronimo Tecoatl
Massachusetts,Oaxaca,San Mateo Yucutindoo
Massachusetts,Oaxaca,San Pedro Sochiapam
Massachusetts,Oaxaca,San Pedro Totolapam
Massachusetts,Oaxaca,Santiago Choapam
Massachusetts,Oaxaca,Tamazulapam Del Espiritu Santo
Massachusetts,Puebla,Tilapa
Massachusetts,Quintana Roo,Bacalar
Massachusetts,Quintana Roo,Puerto Morelos
Massachusetts,Tlaxcala,Atltzayanca
Massachusetts,Tlaxcala,San Damian Texoloc
Massachusetts,Tlaxcala,Yauhquemehcan
Massachusetts,Tlaxcala,Ziltlaltepec De Trinidad Sanchez Santos
Massachusetts,Veracruz De Ignacio De La Llave,Alamo Temapache
Massachusetts,Veracruz De Ignacio De La Llave,Cazones De Herrera
Massachusetts,Veracruz De Ignacio De La Llave,Huiloapan De Cuauhtemoc
Massachusetts,Veracruz De Ignacio De La Llave,Tuxpan
Massachusetts,Zacatecas,Teul De Gonzalez Ortega
Michigan,Baja California,San Quintin
Michigan,Chiapas,Capitan Luis Angel Vidal
Michigan,Chiapas,El Parral
Michigan,Chiapas,Emiliano Zapata
Michigan,Chiapas,Jiquipilas
Michigan,Chiapas,Mezcalapa
Michigan,Chiapas,Rincon Chamula San Pedro
Michigan,Chihuahua,Temosachic
Michigan,Guerrero,Zihuatanejo De Azueta
Michigan,Morelos,Coatetelco
Michigan,Morelos,Xoxocotla
Michigan,Morelos,Zacatepec
Michigan,Morelos,Zacualpan De Amilpas
Michigan,Oaxaca,Animas Trujano
Michigan,Oaxaca,Heroica Ciudad De Juchitan De Zaragoza
Michigan,Oaxaca,Nuevo Zoquiapam
Michigan,Oaxaca,San Andres Huayapam
Michigan,Oaxaca,San Andres Teotilalpam
Michigan,Oaxaca,San Felipe Tejalapam
Michigan,Oaxaca,San Jeronimo Tecoatl
Michigan,Oaxaca,San Mateo Yucutindoo
Michigan,Oaxaca,San Pedro Sochiapam
Michigan,Oaxaca,San Pedro Totolapam
Michigan,Oaxaca,Santiago Choapam
Michigan,Oaxaca,Tamazulapam Del Espiritu Santo
Michigan,Puebla,Tilapa
Michigan,Quintana Roo,Bacalar
Michigan,Quintana Roo,Puerto Morelos
Michigan,Tlaxcala,Atltzayanca
Michigan,Tlaxcala,San Damian Texoloc
Michigan,Tlaxcala,Yauhquemehcan
Michigan,Tlaxcala,Ziltlaltepec De Trinidad Sanchez Santos
Michigan,Veracruz De Ignacio De La Llave,Alamo Temapache
Michigan,Veracruz De Ignacio De La Llave,Cazones De Herrera
Michigan,Veracruz De Ignacio De La Llave,Huiloapan De Cuauhtemoc
Michigan,Veracruz De Ignacio De La Llave,Tuxpan
Michigan,Zacatecas,Teul De Gonzalez Ortega
Minnesota,Baja California,San Quintin
Minnesota,Chiapas,Capitan Luis Angel Vidal
Minnesota,Chiapas,El Parral
Minnesota,Chiapas,Emiliano Zapata
Minnesota,Chiapas,Jiquipilas
Minnesota,Chiapas,Mezcalapa
Minnesota,Chiapas,Rincon Chamula San Pedro
Minnesota,Chihuahua,Temosachic
Minnesota,Guerrero,Zihuatanejo De Azueta
Minnesota,Morelos,Coatetelco
Minnesota,Morelos,Xoxocotla
Minnesota,Morelos,Zacatepec
Minnesota,Morelos,Zacualpan De Amilpas
Minnesota,Oaxaca,Animas Trujano
Minnesota,Oaxaca,Heroica Ciudad De Juchitan De Zaragoza
Minnesota,Oaxaca,Nuevo Zoquiapam
Minnesota,Oaxaca,San Andres Huayapam
Minnesota,Oaxaca,San Andres Teotilalpam
Minnesota,Oaxaca,San Felipe Tejalapam
Minnesota,Oaxaca,San Jeronimo Tecoatl
Minnesota,Oaxaca,San Mateo Yucutindoo
Minnesota,Oaxaca,San Pedro Sochiapam
Minnesota,Oaxaca,San Pedro Totolapam
Minnesota,Oaxaca,Santiago Choapam
Minnesota,Oaxaca,Tamazulapam Del Espiritu Santo
Minnesota,Puebla,Tilapa
Minnesota,Quintana Roo,Bacalar
Minnesota,Quintana Roo,Puerto Morelos
Minnesota,Tlaxcala,Atltzayanca
Minnesota,Tlaxcala,San Damian Texoloc
Minnesota,Tlaxcala,Yauhquemehcan
Minnesota,Tlaxcala,Ziltlaltepec De Trinidad Sanchez Santos
Minnesota,Veracruz De Ignacio De La Llave,Alamo Temapache
Minnesota,Veracruz De Ignacio De La Llave,Cazones De Herrera
Minnesota,Veracruz De Ignacio De La Llave,Huiloapan De Cuauhtemoc
Minnesota,Veracruz De Ignacio De La Llave,Tuxpan
Minnesota,Zacatecas,Teul De Gonzalez Ortega
Mississippi,Baja California,San Quintin
Mississippi,Chiapas,Capitan Luis Angel Vidal
Mississippi,Chiapas,El Parral
Mississippi,Chiapas,Emiliano Zapata
Mississippi,Chiapas,Jiquipilas
Mississippi,Chiapas,Mezcalapa
Mississippi,Chiapas,Rincon Chamula San Pedro
Mississippi,Chihuahua,Temosachic
Mississippi,Guerrero,Zihuatanejo De Azueta
Mississippi,Morelos,Coatetelco
Mississippi,Morelos,Xoxocotla
Mississippi,Morelos,Zacatepec
Mississippi,Morelos,Zacualpan De Amilpas
Mississippi,Oaxaca,Animas Trujano
Mississippi,Oaxaca,Heroica Ciudad De Juchitan De Zaragoza
Mississippi,Oaxaca,Nuevo Zoquiapam
Mississippi,Oaxaca,San Andres Huayapam
Mississippi,Oaxaca,San Andres Teotilalpam
Mississippi,Oaxaca,San Felipe Tejalapam
Mississippi,Oaxaca,San Jeronimo Tecoatl
Mississippi,Oaxaca,San Mateo Yucutindoo
Mississippi,Oaxaca,San Pedro Sochiapam
Mississippi,Oaxaca,San Pedro Totolapam
Mississippi,Oaxaca,Santiago Choapam
Mississippi,Oaxaca,Tamazulapam Del Espiritu Santo
Mississippi,Puebla,Tilapa
Mississippi,Quintana Roo,Bacalar
Mississippi,Quintana Roo,Puerto Morelos
Mississippi,Tlaxcala,Atltzayanca
Mississippi,Tlaxcala,San Damian Texoloc
Mississippi,Tlaxcala,Yauhquemehcan
Mississippi,Tlaxcala,Ziltlaltepec De Trinidad Sanchez Santos
Mississippi,Veracruz De Ignacio De La Llave,Alamo Temapache
Mississippi,Veracruz De Ignacio De La Llave,Cazones De Herrera
Mississippi,Veracruz De Ignacio De La Llave,Huiloapan De Cuauhtemoc
Mississippi,Veracruz De Ignacio De La Llave,Tuxpan
Mississippi,Zacatecas,Teul De Gonzalez Ortega
Missouri,Baja California,San Quintin
Missouri,Chiapas,Capitan Luis Angel Vidal
Missouri,Chiapas,El Parral
Missouri,Chiapas,Emiliano Zapata
Missouri,Chiapas,Jiquipilas
Missouri,Chiapas,Mezcalapa
Missouri,Chiapas,Rincon Chamula San Pedro
Missouri,Chihuahua,Temosachic
Missouri,Guerrero,Zihuatanejo De Azueta
Missouri,Morelos,Coatetelco
Missouri,Morelos,Xoxocotla
Missouri,Morelos,Zacatepec
Missouri,Morelos,Zacualpan De Amilpas
Missouri,Oaxaca,Animas Trujano
Missouri,Oaxaca,Heroica Ciudad De Juchitan De Zaragoza
Missouri,Oaxaca,Nuevo Zoquiapam
Missouri,Oaxaca,San Andres Huayapam
Missouri,Oaxaca,San Andres Teotilalpam
Missouri,Oaxaca,San Felipe Tejalapam
Missouri,Oaxaca,San Jeronimo Tecoatl
Missouri,Oaxaca,San Mateo Yucutindoo
Missouri,Oaxaca,San Pedro Sochiapam
Missouri,Oaxaca,San Pedro Totolapam
Missouri,Oaxaca,Santiago Choapam
Missouri,Oaxaca,Tamazulapam Del Espiritu Santo
Missouri,Puebla,Tilapa
Missouri,Quintana Roo,Bacalar
Missouri,Quintana Roo,Puerto Morelos
Missouri,Tlaxcala,Atltzayanca
Missouri,Tlaxcala,San Damian Texoloc
Missouri,Tlaxcala,Yauhquemehcan
Missouri,Tlaxcala,Ziltlaltepec De Trinidad Sanchez Santos
Missouri,Veracruz De Ignacio De La Llave,Alamo Temapache
Missouri,Veracruz De Ignacio De La Llave,Cazones De Herrera
Missouri,Veracruz De Ignacio De La Llave,Huiloapan De Cuauhtemoc
Missouri,Veracruz De Ignacio De La Llave,Tuxpan
Missouri,Zacatecas,Teul De Gonzalez Ortega
Montana,Baja California,San Quintin
Montana,Chiapas,Capitan Luis Angel Vidal
Montana,Chiapas,El Parral
Montana,Chiapas,Emiliano Zapata
Montana,Chiapas,Jiquipilas
Montana,Chiapas,Mezcalapa
Montana,Chiapas,Rincon Chamula San Pedro
Montana,Chihuahua,Temosachic
Montana,Guerrero,Zihuatanejo De Azueta
Montana,Morelos,Coatetelco
Montana,Morelos,Xoxocotla
Montana,Morelos,Zacatepec
Montana,Morelos,Zacualpan De Amilpas
Montana,Oaxaca,Animas Trujano
Montana,Oaxaca,Heroica Ciudad De Juchitan De Zaragoza
Montana,Oaxaca,Nuevo Zoquiapam
Montana,Oaxaca,San Andres Huayapam
Montana,Oaxaca,San Andres Teotilalpam
Montana,Oaxaca,San Felipe Tejalapam
Montana,Oaxaca,San Jeronimo Tecoatl
Montana,Oaxaca,San Mateo Yucutindoo
Montana,Oaxaca,San Pedro Sochiapam
Montana,Oaxaca,San Pedro Totolapam
Montana,Oaxaca,Santiago Choapam
Montana,Oaxaca,Tamazulapam Del Espiritu Santo
Montana,Puebla,Tilapa
Montana,Quintana Roo,Bacalar
Montana,Quintana Roo,Puerto Morelos
Montana,Tlaxcala,Atltzayanca
Montana,Tlaxcala,San Damian Texoloc
Montana,Tlaxcala,Yauhquemehcan
Montana,Tlaxcala,Ziltlaltepec De Trinidad Sanchez Santos
Montana,Veracruz De Ignacio De La Llave,Alamo Temapache
Montana,Veracruz De Ignacio De La Llave,Cazones De Herrera
Montana,Veracruz De Ignacio De La Llave,Huiloapan De Cuauhtemoc
Montana,Veracruz De Ignacio De La Llave,Tuxpan
Montana,Zacatecas,Teul De Gonzalez Ortega
Nebraska,Baja California,San Quintin
Nebraska,Chiapas,Capitan Luis Angel Vidal
Nebraska,Chiapas,El Parral
Nebraska,Chiapas,Emiliano Zapata
Nebraska,Chiapas,Jiquipilas
Nebraska,Chiapas,Mezcalapa
Nebraska,Chiapas,Rincon Chamula San Pedro
Nebraska,Chihuahua,Temosachic
Nebraska,Guerrero,Zihuatanejo De Azueta
Nebraska,Morelos,Coatetelco
Nebraska,Morelos,Xoxocotla
Nebraska,Morelos,Zacatepec
Nebraska,Morelos,Zacualpan De Amilpas
Nebraska,Oaxaca,Animas Trujano
Nebraska,Oaxaca,Heroica Ciudad De Juchitan De Zaragoza
Nebraska,Oaxaca,Nuevo Zoquiapam
Nebraska,Oaxaca,San Andres Huayapam
Nebraska,Oaxaca,San Andres Teotilalpam
Nebraska,Oaxaca,San Felipe Tejalapam
Nebraska,Oaxaca,San Jeronimo Tecoatl
Nebraska,Oaxaca,San Mateo Yucutindoo
Nebraska,Oaxaca,San Pedro Sochiapam
Nebraska,Oaxaca,San Pedro Totolapam
Nebraska,Oaxaca,Santiago Choapam
Nebraska,Oaxaca,Tamazulapam Del Espiritu Santo
Nebraska,Puebla,Tilapa
Nebraska,Quintana Roo,Bacalar
Nebraska,Quintana Roo,Puerto Morelos
Nebraska,Tlaxcala,Atltzayanca
Nebraska,Tlaxcala,San Damian Texoloc
Nebraska,Tlaxcala,Yauhquemehcan
Nebraska,Tlaxcala,Ziltlaltepec De Trinidad Sanchez Santos
Nebraska,Veracruz De Ignacio De La Llave,Alamo Temapache
Nebraska,Veracruz De Ignacio De La Llave,Cazones De Herrera
Nebraska,Veracruz De Ignacio De La Llave,Huiloapan De Cuauhtemoc
Nebraska,Veracruz De Ignacio De La Llave,Tuxpan
Nebraska,Zacatecas,Teul De Gonzalez Ortega
Nevada,Baja California,San Quintin
Nevada,Chiapas,Capitan Luis Angel Vidal
Nevada,Chiapas,El Parral
Nevada,Chiapas,Emiliano Zapata
Nevada,Chiapas,Jiquipilas
Nevada,Chiapas,Mezcalapa
Nevada,Chiapas,Rincon Chamula San Pedro
Nevada,Chihuahua,Temosachic
Nevada,Guerrero,Zihuatanejo De Azueta
Nevada,Morelos,Coatetelco
Nevada,Morelos,Xoxocotla
Nevada,Morelos,Zacatepec
Nevada,Morelos,Zacualpan De Amilpas
Nevada,Oaxaca,Animas Trujano
Nevada,Oaxaca,Heroica Ciudad De Juchitan De Zaragoza
Nevada,Oaxaca,Nuevo Zoquiapam
Nevada,Oaxaca,San Andres Huayapam
Nevada,Oaxaca,San Andres Teotilalpam
Nevada,Oaxaca,San Felipe Tejalapam
Nevada,Oaxaca,San Jeronimo Tecoatl
Nevada,Oaxaca,San Mateo Yucutindoo
Nevada,Oaxaca,San Pedro Sochiapam
Nevada,Oaxaca,San Pedro Totolapam
Nevada,Oaxaca,Santiago Choapam
Nevada,Oaxaca,Tamazulapam Del Espiritu Santo
Nevada,Puebla,Tilapa
Nevada,Quintana Roo,Bacalar
Nevada,Quintana Roo,Puerto Morelos
Nevada,Tlaxcala,Atltzayanca
Nevada,Tlaxcala,San Damian Texoloc
Nevada,Tlaxcala,Yauhquemehcan
Nevada,Tlaxcala,Ziltlaltepec De Trinidad Sanchez Santos
Nevada,Veracruz De Ignacio De La Llave,Alamo Temapache
Nevada,Veracruz De Ignacio De La Llave,Cazones De Herrera
Nevada,Veracruz De Ignacio De La Llave,Huiloapan De Cuauhtemoc
Nevada,Veracruz De Ignacio De La Llave,Tuxpan
Nevada,Zacatecas,Teul De Gonzalez Ortega
New Hampshire,Baja California,San Quintin
New Hampshire,Chiapas,Capitan Luis Angel Vidal
New Hampshire,Chiapas,El Parral
New Hampshire,Chiapas,Emiliano Zapata
New Hampshire,Chiapas,Jiquipilas
New Hampshire,Chiapas,Mezcalapa
New Hampshire,Chiapas,Rincon Chamula San Pedro
New Hampshire,Chihuahua,Temosachic
New Hampshire,Guerrero,Zihuatanejo De Azueta
New Hampshire,Morelos,Coatetelco
New Hampshire,Morelos,Xoxocotla
New Hampshire,Morelos,Zacatepec
New Hampshire,Morelos,Zacualpan De Amilpas
New Hampshire,Oaxaca,Animas Trujano
New Hampshire,Oaxaca,Heroica Ciudad De Juchitan De Zaragoza
New Hampshire,Oaxaca,Nuevo Zoquiapam
New Hampshire,Oaxaca,San Andres Huayapam
New Hampshire,Oaxaca,San Andres Teotilalpam
New Hampshire,Oaxaca,San Felipe Tejalapam
New Hampshire,Oaxaca,San Jeronimo Tecoatl
New Hampshire,Oaxaca,San Mateo Yucutindoo
New Hampshire,Oaxaca,San Pedro Sochiapam
New Hampshire,Oaxaca,San Pedro Totolapam
New Hampshire,Oaxaca,Santiago Choapam
New Hampshire,Oaxaca,Tamazulapam Del Espiritu Santo
New Hampshire,Puebla,Tilapa
New Hampshire,Quintana Roo,Bacalar
New Hampshire,Quintana Roo,Puerto Morelos
New Hampshire,Tlaxcala,Atltzayanca
New Hampshire,Tlaxcala,San Damian Texoloc
New Hampshire,Tlaxcala,Yauhquemehcan
New Hampshire,Tlaxcala,Ziltlaltepec De Trinidad Sanchez Santos
New Hampshire,Veracruz De Ignacio De La Llave,Alamo Temapache
New Hampshire,Veracruz De Ignacio De La Llave,Cazones De Herrera
New Hampshire,Veracruz De Ignacio De La Llave,Huiloapan De Cuauhtemoc
New Hampshire,Veracruz De Ignacio De La Llave,Tuxpan
New Hampshire,Zacatecas,Teul De Gonzalez Ortega
New Jersey,Baja California,San Quintin
New Jersey,Chiapas,Capitan Luis Angel Vidal
New Jersey,Chiapas,El Parral
New Jersey,Chiapas,Emiliano Zapata
New Jersey,Chiapas,Jiquipilas
New Jersey,Chiapas,Mezcalapa
New Jersey,Chiapas,Rincon Chamula San Pedro
New Jersey,Chihuahua,Temosachic
New Jersey,Guerrero,Zihuatanejo De Azueta
New Jersey,Morelos,Coatetelco
New Jersey,Morelos,Xoxocotla
New Jersey,Morelos,Zacatepec
New Jersey,Morelos,Zacualpan De Amilpas
New Jersey,Oaxaca,Animas Trujano
New Jersey,Oaxaca,Heroica Ciudad De Juchitan De Zaragoza
New Jersey,Oaxaca,Nuevo Zoquiapam
New Jersey,Oaxaca,San Andres Huayapam
New Jersey,Oaxaca,San Andres Teotilalpam
New Jersey,Oaxaca,San Felipe Tejalapam
New Jersey,Oaxaca,San Jeronimo Tecoatl
New Jersey,Oaxaca,San Mateo Yucutindoo
New Jersey,Oaxaca,San Pedro Sochiapam
New Jersey,Oaxaca,San Pedro Totolapam
New Jersey,Oaxaca,Santiago Choapam
New Jersey,Oaxaca,Tamazulapam Del Espiritu Santo
New Jersey,Puebla,Tilapa
New Jersey,Quintana Roo,Bacalar
New Jersey,Quintana Roo,Puerto Morelos
New Jersey,Tlaxcala,Atltzayanca
New Jersey,Tlaxcala,San Damian Texoloc
New Jersey,Tlaxcala,Yauhquemehcan
New Jersey,Tlaxcala,Ziltlaltepec De Trinidad Sanchez Santos
New Jersey,Veracruz De Ignacio De La Llave,Alamo Temapache
New Jersey,Veracruz De Ignacio De La Llave,Cazones De Herrera
New Jersey,Veracruz De Ignacio De La Llave,Huiloapan De Cuauhtemoc
New Jersey,Veracruz De Ignacio De La Llave,Tuxpan
New Jersey,Zacatecas,Teul De Gonzalez Ortega
New Mexico,Baja California,San Quintin
New Mexico,Chiapas,Capitan Luis Angel Vidal
New Mexico,Chiapas,El Parral
New Mexico,Chiapas,Emiliano Zapata
New Mexico,Chiapas,Jiquipilas
New Mexico,Chiapas,Mezcalapa
New Mexico,Chiapas,Rincon Chamula San Pedro
New Mexico,Chihuahua,Temosachic
New Mexico,Guerrero,Zihuatanejo De Azueta
New Mexico,Morelos,Coatetelco
New Mexico,Morelos,Xoxocotla
New Mexico,Morelos,Zacatepec
New Mexico,Morelos,Zacualpan De Amilpas
New Mexico,Oaxaca,Animas Trujano
New Mexico,Oaxaca,Heroica Ciudad De Juchitan De Zaragoza
New Mexico,Oaxaca,Nuevo Zoquiapam
New Mexico,Oaxaca,San Andres Huayapam
New Mexico,Oaxaca,San Andres Teotilalpam
New Mexico,Oaxaca,San Felipe Tejalapam
New Mexico,Oaxaca,San Jeronimo Tecoatl
New Mexico,Oaxaca,San Mateo Yucutindoo
New Mexico,Oaxaca,San Pedro Sochiapam
New Mexico,Oaxaca,San Pedro Totolapam
New Mexico,Oaxaca,Santiago Choapam
New Mexico,Oaxaca,Tamazulapam Del Espiritu Santo
New Mexico,Puebla,Tilapa
New Mexico,Quintana Roo,Bacalar
New Mexico,Quintana Roo,Puerto Morelos
New Mexico,Tlaxcala,Atltzayanca
New Mexico,Tlaxcala,San Damian Texoloc
New Mexico,Tlaxcala,Yauhquemehcan
New Mexico,Tlaxcala,Ziltlaltepec De Trinidad Sanchez Santos
New Mexico,Veracruz De Ignacio De La Llave,Alamo Temapache
New Mexico,Veracruz De Ignacio De La Llave,Cazones De Herrera
New Mexico,Veracruz De Ignacio De La Llave,Huiloapan De Cuauhtemoc
New Mexico,Veracruz De Ignacio De La Llave,Tuxpan
New Mexico,Zacatecas,Teul De Gonzalez Ortega
New York,Baja California,San Quintin
New York,Chiapas,Capitan Luis Angel Vidal
New York,Chiapas,El Parral
New York,Chiapas,Emiliano Zapata
New York,Chiapas,Jiquipilas
New York,Chiapas,Mezcalapa
New York,Chiapas,Rincon Chamula San Pedro
New York,Chihuahua,Temosachic
New York,Guerrero,Zihuatanejo De Azueta
New York,Morelos,Coatetelco
New York,Morelos,Xoxocotla
New York,Morelos,Zacatepec
New York,Morelos,Zacualpan De Amilpas
New York,Oaxaca,Animas Trujano
New York,Oaxaca,Heroica Ciudad De Juchitan De Zaragoza
New York,Oaxaca,Nuevo Zoquiapam
New York,Oaxaca,San Andres Huayapam
New York,Oaxaca,San Andres Teotilalpam
New York,Oaxaca,San Felipe Tejalapam
New York,Oaxaca,San Jeronimo Tecoatl
New York,Oaxaca,San Mateo Yucutindoo
New York,Oaxaca,San Pedro Sochiapam
New York,Oaxaca,San Pedro Totolapam
New York,Oaxaca,Santiago Choapam
New York,Oaxaca,Tamazulapam Del Espiritu Santo
New York,Puebla,Tilapa
New York,Quintana Roo,Bacalar
New York,Quintana Roo,Puerto Morelos
New York,Tlaxcala,Atltzayanca
New York,Tlaxcala,San Damian Texoloc
New York,Tlaxcala,Yauhquemehcan
New York,Tlaxcala,Ziltlaltepec De Trinidad Sanchez Santos
New York,Veracruz De Ignacio De La Llave,Alamo Temapache
New York,Veracruz De Ignacio De La Llave,Cazones De Herrera
New York,Veracruz De Ignacio De La Llave,Huiloapan De Cuauhtemoc
New York,Veracruz De Ignacio De La Llave,Tuxpan
New York,Zacatecas,Teul De Gonzalez Ortega
North Carolina,Baja California,San Quintin
North Carolina,Chiapas,Capitan Luis Angel Vidal
North Carolina,Chiapas,El Parral
North Carolina,Chiapas,Emiliano Zapata
North Carolina,Chiapas,Jiquipilas
North Carolina,Chiapas,Mezcalapa
North Carolina,Chiapas,Rincon Chamula San Pedro
North Carolina,Chihuahua,Temosachic
North Carolina,Guerrero,Zihuatanejo De Azueta
North Carolina,Morelos,Coatetelco
North Carolina,Morelos,Xoxocotla
North Carolina,Morelos,Zacatepec
North Carolina,Morelos,Zacualpan De Amilpas
North Carolina,Oaxaca,Animas Trujano
North Carolina,Oaxaca,Heroica Ciudad De Juchitan De Zaragoza
North Carolina,Oaxaca,Nuevo Zoquiapam
North Carolina,Oaxaca,San Andres Huayapam
North Carolina,Oaxaca,San Andres Teotilalpam
North Carolina,Oaxaca,San Felipe Tejalapam
North Carolina,Oaxaca,San Jeronimo Tecoatl
North Carolina,Oaxaca,San Mateo Yucutindoo
North Carolina,Oaxaca,San Pedro Sochiapam
North Carolina,Oaxaca,San Pedro Totolapam
North Carolina,Oaxaca,Santiago Choapam
North Carolina,Oaxaca,Tamazulapam Del Espiritu Santo
North Carolina,Puebla,Tilapa
North Carolina,Quintana Roo,Bacalar
North Carolina,Quintana Roo,Puerto Morelos
North Carolina,Tlaxcala,Atltzayanca
North Carolina,Tlaxcala,San Damian Texoloc
North Carolina,Tlaxcala,Yauhquemehcan
North Carolina,Tlaxcala,Ziltlaltepec De Trinidad Sanchez Santos
North Carolina,Veracruz De Ignacio De La Llave,Alamo Temapache
North Carolina,Veracruz De Ignacio De La Llave,Cazones De Herrera
North Carolina,Veracruz De Ignacio De La Llave,Huiloapan De Cuauhtemoc
North Carolina,Veracruz De Ignacio De La Llave,Tuxpan
North Carolina,Zacatecas,Teul De Gonzalez Ortega
North Dakota,Baja California,San Quintin
North Dakota,Chiapas,Capitan Luis Angel Vidal
North Dakota,Chiapas,El Parral
North Dakota,Chiapas,Emiliano Zapata
North Dakota,Chiapas,Jiquipilas
North Dakota,Chiapas,Mezcalapa
North Dakota,Chiapas,Rincon Chamula San Pedro
North Dakota,Chihuahua,Temosachic
North Dakota,Guerrero,Zihuatanejo De Azueta
North Dakota,Morelos,Coatetelco
North Dakota,Morelos,Xoxocotla
North Dakota,Morelos,Zacatepec
North Dakota,Morelos,Zacualpan De Amilpas
North Dakota,Oaxaca,Animas Trujano
North Dakota,Oaxaca,Heroica Ciudad De Juchitan De Zaragoza
North Dakota,Oaxaca,Nuevo Zoquiapam
North Dakota,Oaxaca,San Andres Huayapam
North Dakota,Oaxaca,San Andres Teotilalpam
North Dakota,Oaxaca,San Felipe Tejalapam
North Dakota,Oaxaca,San Jeronimo Tecoatl
North Dakota,Oaxaca,San Mateo Yucutindoo
North Dakota,Oaxaca,San Pedro Sochiapam
North Dakota,Oaxaca,San Pedro Totolapam
North Dakota,Oaxaca,Santiago Choapam
North Dakota,Oaxaca,Tamazulapam Del Espiritu Santo
North Dakota,Puebla,Tilapa
North Dakota,Quintana Roo,Bacalar
North Dakota,Quintana Roo,Puerto Morelos
North Dakota,Tlaxcala,Atltzayanca
North Dakota,Tlaxcala,San Damian Texoloc
North Dakota,Tlaxcala,Yauhquemehcan
North Dakota,Tlaxcala,Ziltlaltepec De Trinidad Sanchez Santos
North Dakota,Veracruz De Ignacio De La Llave,Alamo Temapache
North Dakota,Veracruz De Ignacio De La Llave,Cazones De Herrera
North Dakota,Veracruz De Ignacio De La Llave,Huiloapan De Cuauhtemoc
North Dakota,Veracruz De Ignacio De La Llave,Tuxpan
North Dakota,Zacatecas,Teul De Gonzalez Ortega
Ohio,Baja California,San Quintin
Ohio,Chiapas,Capitan Luis Angel Vidal
Ohio,Chiapas,El Parral
Ohio,Chiapas,Emiliano Zapata
Ohio,Chiapas,Jiquipilas
Ohio,Chiapas,Mezcalapa
Ohio,Chiapas,Rincon Chamula San Pedro
Ohio,Chihuahua,Temosachic
Ohio,Guerrero,Zihuatanejo De Azueta
Ohio,Morelos,Coatetelco
Ohio,Morelos,Xoxocotla
Ohio,Morelos,Zacatepec
Ohio,Morelos,Zacualpan De Amilpas
Ohio,Oaxaca,Animas Trujano
Ohio,Oaxaca,Heroica Ciudad De Juchitan De Zaragoza
Ohio,Oaxaca,Nuevo Zoquiapam
Ohio,Oaxaca,San Andres Huayapam
Ohio,Oaxaca,San Andres Teotilalpam
Ohio,Oaxaca,San Felipe Tejalapam
Ohio,Oaxaca,San Jeronimo Tecoatl
Ohio,Oaxaca,San Mateo Yucutindoo
Ohio,Oaxaca,San Pedro Sochiapam
Ohio,Oaxaca,San Pedro Totolapam
Ohio,Oaxaca,Santiago Choapam
Ohio,Oaxaca,Tamazulapam Del Espiritu Santo
Ohio,Puebla,Tilapa
Ohio,Quintana Roo,Bacalar
Ohio,Quintana Roo,Puerto Morelos
Ohio,Tlaxcala,Atltzayanca
Ohio,Tlaxcala,San Damian Texoloc
Ohio,Tlaxcala,Yauhquemehcan
Ohio,Tlaxcala,Ziltlaltepec De Trinidad Sanchez Santos
Ohio,Veracruz De Ignacio De La Llave,Alamo Temapache
Ohio,Veracruz De Ignacio De La Llave,Cazones De Herrera
Ohio,Veracruz De Ignacio De La Llave,Huiloapan De Cuauhtemoc
Ohio,Veracruz De Ignacio De La Llave,Tuxpan
Ohio,Zacatecas,Teul De Gonzalez Ortega
Oklahoma,Baja California,San Quintin
Oklahoma,Chiapas,Capitan Luis Angel Vidal
Oklahoma,Chiapas,El Parral
Oklahoma,Chiapas,Emiliano Zapata
Oklahoma,Chiapas,Jiquipilas
Oklahoma,Chiapas,Mezcalapa
Oklahoma,Chiapas,Rincon Chamula San Pedro
Oklahoma,Chihuahua,Temosachic
Oklahoma,Guerrero,Zihuatanejo De Azueta
Oklahoma,Morelos,Coatetelco
Oklahoma,Morelos,Xoxocotla
Oklahoma,Morelos,Zacatepec
Oklahoma,Morelos,Zacualpan De Amilpas
Oklahoma,Oaxaca,Animas Trujano
Oklahoma,Oaxaca,Heroica Ciudad De Juchitan De Zaragoza
Oklahoma,Oaxaca,Nuevo Zoquiapam
Oklahoma,Oaxaca,San Andres Huayapam
Oklahoma,Oaxaca,San Andres Teotilalpam
Oklahoma,Oaxaca,San Felipe Tejalapam
Oklahoma,Oaxaca,San Jeronimo Tecoatl
Oklahoma,Oaxaca,San Mateo Yucutindoo
Oklahoma,Oaxaca,San Pedro Sochiapam
Oklahoma,Oaxaca,San Pedro Totolapam
Oklahoma,Oaxaca,Santiago Choapam
Oklahoma,Oaxaca,Tamazulapam Del Espiritu Santo
Oklahoma,Puebla,Tilapa
Oklahoma,Quintana Roo,Bacalar
Oklahoma,Quintana Roo,Puerto Morelos
Oklahoma,Tlaxcala,Atltzayanca
Oklahoma,Tlaxcala,San Damian Texoloc
Oklahoma,Tlaxcala,Yauhquemehcan
Oklahoma,Tlaxcala,Ziltlaltepec De Trinidad Sanchez Santos
Oklahoma,Veracruz De Ignacio De La Llave,Alamo Temapache
Oklahoma,Veracruz De Ignacio De La Llave,Cazones De Herrera
Oklahoma,Veracruz De Ignacio De La Llave,Huiloapan De Cuauhtemoc
Oklahoma,Veracruz De Ignacio De La Llave,Tuxpan
Oklahoma,Zacatecas,Teul De Gonzalez Ortega
Oregon,Baja California,San Quintin
Oregon,Chiapas,Capitan Luis Angel Vidal
Oregon,Chiapas,El Parral
Oregon,Chiapas,Emiliano Zapata
Oregon,Chiapas,Jiquipilas
Oregon,Chiapas,Mezcalapa
Oregon,Chiapas,Rincon Chamula San Pedro
Oregon,Chihuahua,Temosachic
Oregon,Guerrero,Zihuatanejo De Azueta
Oregon,Morelos,Coatetelco
Oregon,Morelos,Xoxocotla
Oregon,Morelos,Zacatepec
Oregon,Morelos,Zacualpan De Amilpas
Oregon,Oaxaca,Animas Trujano
Oregon,Oaxaca,Heroica Ciudad De Juchitan De Zaragoza
Oregon,Oaxaca,Nuevo Zoquiapam
Oregon,Oaxaca,San Andres Huayapam
Oregon,Oaxaca,San Andres Teotilalpam
Oregon,Oaxaca,San Felipe Tejalapam
Oregon,Oaxaca,San Jeronimo Tecoatl
Oregon,Oaxaca,San Mateo Yucutindoo
Oregon,Oaxaca,San Pedro Sochiapam
Oregon,Oaxaca,San Pedro Totolapam
Oregon,Oaxaca,Santiago Choapam
Oregon,Oaxaca,Tamazulapam Del Espiritu Santo
Oregon,Puebla,Tilapa
Oregon,Quintana Roo,Bacalar
Oregon,Quintana Roo,Puerto Morelos
Oregon,Tlaxcala,Atltzayanca
Oregon,Tlaxcala,San Damian Texoloc
Oregon,Tlaxcala,Yauhquemehcan
Oregon,Tlaxcala,Ziltlaltepec De Trinidad Sanchez Santos
Oregon,Veracruz De Ignacio De La Llave,Alamo Temapache
Oregon,Veracruz De Ignacio De La Llave,Cazones De Herrera
Oregon,Veracruz De Ignacio De La Llave,Huiloapan De Cuauhtemoc
Oregon,Veracruz De Ignacio De La Llave,Tuxpan
Oregon,Zacatecas,Teul De Gonzalez Ortega
Pennsylvania,Baja California,San Quintin
Pennsylvania,Chiapas,Capitan Luis Angel Vidal
Pennsylvania,Chiapas,El Parral
Pennsylvania,Chiapas,Emiliano Zapata
Pennsylvania,Chiapas,Jiquipilas
Pennsylvania,Chiapas,Mezcalapa
Pennsylvania,Chiapas,Rincon Chamula San Pedro
Pennsylvania,Chihuahua,Temosachic
Pennsylvania,Guerrero,Zihuatanejo De Azueta
Pennsylvania,Morelos,Coatetelco
Pennsylvania,Morelos,Xoxocotla
Pennsylvania,Morelos,Zacatepec
Pennsylvania,Morelos,Zacualpan De Amilpas
Pennsylvania,Oaxaca,Animas Trujano
Pennsylvania,Oaxaca,Heroica Ciudad De Juchitan De Zaragoza
Pennsylvania,Oaxaca,Nuevo Zoquiapam
Pennsylvania,Oaxaca,San Andres Huayapam
Pennsylvania,Oaxaca,San Andres Teotilalpam
Pennsylvania,Oaxaca,San Felipe Tejalapam
Pennsylvania,Oaxaca,San Jeronimo Tecoatl
Pennsylvania,Oaxaca,San Mateo Yucutindoo
Pennsylvania,Oaxaca,San Pedro Sochiapam
Pennsylvania,Oaxaca,San Pedro Totolapam
Pennsylvania,Oaxaca,Santiago Choapam
Pennsylvania,Oaxaca,Tamazulapam Del Espiritu Santo
Pennsylvania,Puebla,Tilapa
Pennsylvania,Quintana Roo,Bacalar
Pennsylvania,Quintana Roo,Puerto Morelos
Pennsylvania,Tlaxcala,Atltzayanca
Pennsylvania,Tlaxcala,San Damian Texoloc
Pennsylvania,Tlaxcala,Yauhquemehcan
Pennsylvania,Tlaxcala,Ziltlaltepec De Trinidad Sanchez Santos
Pennsylvania,Veracruz De Ignacio De La Llave,Alamo Temapache
Pennsylvania,Veracruz De Ignacio De La Llave,Cazones De Herrera
Pennsylvania,Veracruz De Ignacio De La Llave,Huiloapan De Cuauhtemoc
Pennsylvania,Veracruz De Ignacio De La Llave,Tuxpan
Pennsylvania,Zacatecas,Teul De Gonzalez Ortega
Rhode Island,Baja California,San Quintin
Rhode Island,Chiapas,Capitan Luis Angel Vidal
Rhode Island,Chiapas,El Parral
Rhode Island,Chiapas,Emiliano Zapata
Rhode Island,Chiapas,Jiquipilas
Rhode Island,Chiapas,Mezcalapa
Rhode Island,Chiapas,Rincon Chamula San Pedro
Rhode Island,Chihuahua,Temosachic
Rhode Island,Guerrero,Zihuatanejo De Azueta
Rhode Island,Morelos,Coatetelco
Rhode Island,Morelos,Xoxocotla
Rhode Island,Morelos,Zacatepec
Rhode Island,Morelos,Zacualpan De Amilpas
Rhode Island,Oaxaca,Animas Trujano
Rhode Island,Oaxaca,Heroica Ciudad De Juchitan De Zaragoza
Rhode Island,Oaxaca,Nuevo Zoquiapam
Rhode Island,Oaxaca,San Andres Huayapam
Rhode Island,Oaxaca,San Andres Teotilalpam
Rhode Island,Oaxaca,San Felipe Tejalapam
Rhode Island,Oaxaca,San Jeronimo Tecoatl
Rhode Island,Oaxaca,San Mateo Yucutindoo
Rhode Island,Oaxaca,San Pedro Sochiapam
Rhode Island,Oaxaca,San Pedro Totolapam
Rhode Island,Oaxaca,Santiago Choapam
Rhode Island,Oaxaca,Tamazulapam Del Espiritu Santo
Rhode Island,Puebla,Tilapa
Rhode Island,Quintana Roo,Bacalar
Rhode Island,Quintana Roo,Puerto Morelos
Rhode Island,Tlaxcala,Atltzayanca
Rhode Island,Tlaxcala,San Damian Texoloc
Rhode Island,Tlaxcala,Yauhquemehcan
Rhode Island,Tlaxcala,Ziltlaltepec De Trinidad Sanchez Santos
Rhode Island,Veracruz De Ignacio De La Llave,Alamo Temapache
Rhode Island,Veracruz De Ignacio De La Llave,Cazones De Herrera
Rhode Island,Veracruz De Ignacio De La Llave,Huiloapan De Cuauhtemoc
Rhode Island,Veracruz De Ignacio De La Llave,Tuxpan
Rhode Island,Zacatecas,Teul De Gonzalez Ortega
South Carolina,Baja California,San Quintin
South Carolina,Chiapas,Capitan Luis Angel Vidal
South Carolina,Chiapas,El Parral
South Carolina,Chiapas,Emiliano Zapata
South Carolina,Chiapas,Jiquipilas
South Carolina,Chiapas,Mezcalapa
South Carolina,Chiapas,Rincon Chamula San Pedro
South Carolina,Chihuahua,Temosachic
South Carolina,Guerrero,Zihuatanejo De Azueta
South Carolina,Morelos,Coatetelco
South Carolina,Morelos,Xoxocotla
South Carolina,Morelos,Zacatepec
South Carolina,Morelos,Zacualpan De Amilpas
South Carolina,Oaxaca,Animas Trujano
South Carolina,Oaxaca,Heroica Ciudad De Juchitan De Zaragoza
South Carolina,Oaxaca,Nuevo Zoquiapam
South Carolina,Oaxaca,San Andres Huayapam
South Carolina,Oaxaca,San Andres Teotilalpam
South Carolina,Oaxaca,San Felipe Tejalapam
South Carolina,Oaxaca,San Jeronimo Tecoatl
South Carolina,Oaxaca,San Mateo Yucutindoo
South Carolina,Oaxaca,San Pedro Sochiapam
South Carolina,Oaxaca,San Pedro Totolapam
South Carolina,Oaxaca,Santiago Choapam
South Carolina,Oaxaca,Tamazulapam Del Espiritu Santo
South Carolina,Puebla,Tilapa
South Carolina,Quintana Roo,Bacalar
South Carolina,Quintana Roo,Puerto Morelos
South Carolina,Tlaxcala,Atltzayanca
South Carolina,Tlaxcala,San Damian Texoloc
South Carolina,Tlaxcala,Yauhquemehcan
South Carolina,Tlaxcala,Ziltlaltepec De Trinidad Sanchez Santos
South Carolina,Veracruz De Ignacio De La Llave,Alamo Temapache
South Carolina,Veracruz De Ignacio De La Llave,Cazones De Herrera
South Carolina,Veracruz De Ignacio De La Llave,Huiloapan De Cuauhtemoc
South Carolina,Veracruz De Ignacio De La Llave,Tuxpan
South Carolina,Zacatecas,Teul De Gonzalez Ortega
South Dakota,Baja California,San Quintin
South Dakota,Chiapas,Capitan Luis Angel Vidal
South Dakota,Chiapas,El Parral
South Dakota,Chiapas,Emiliano Zapata
South Dakota,Chiapas,Jiquipilas
South Dakota,Chiapas,Mezcalapa
South Dakota,Chiapas,Rincon Chamula San Pedro
South Dakota,Chihuahua,Temosachic
South Dakota,Guerrero,Zihuatanejo De Azueta
South Dakota,Morelos,Coatetelco
South Dakota,Morelos,Xoxocotla
South Dakota,Morelos,Zacatepec
South Dakota,Morelos,Zacualpan De Amilpas
South Dakota,Oaxaca,Animas Trujano
South Dakota,Oaxaca,Heroica Ciudad De Juchitan De Zaragoza
South Dakota,Oaxaca,Nuevo Zoquiapam
South Dakota,Oaxaca,San Andres Huayapam
South Dakota,Oaxaca,San Andres Teotilalpam
South Dakota,Oaxaca,San Felipe Tejalapam
South Dakota,Oaxaca,San Jeronimo Tecoatl
South Dakota,Oaxaca,San Mateo Yucutindoo
South Dakota,Oaxaca,San Pedro Sochiapam
South Dakota,Oaxaca,San Pedro Totolapam
South Dakota,Oaxaca,Santiago Choapam
South Dakota,Oaxaca,Tamazulapam Del Espiritu Santo
South Dakota,Puebla,Tilapa
South Dakota,Quintana Roo,Bacalar
South Dakota,Quintana Roo,Puerto Morelos
South Dakota,Tlaxcala,Atltzayanca
South Dakota,Tlaxcala,San Damian Texoloc
South Dakota,Tlaxcala,Yauhquemehcan
South Dakota,Tlaxcala,Ziltlaltepec De Trinidad Sanchez Santos
South Dakota,Veracruz De Ignacio De La Llave,Alamo Temapache
South Dakota,Veracruz De Ignacio De La Llave,Cazones De Herrera
South Dakota,Veracruz De Ignacio De La Llave,Huiloapan De Cuauhtemoc
South Dakota,Veracruz De Ignacio De La Llave,Tuxpan
South Dakota,Zacatecas,Teul De Gonzalez Ortega
Tennessee,Baja California,San Quintin
Tennessee,Chiapas,Capitan Luis Angel Vidal
Tennessee,Chiapas,El Parral
Tennessee,Chiapas,Emiliano Zapata
Tennessee,Chiapas,Jiquipilas
Tennessee,Chiapas,Mezcalapa
Tennessee,Chiapas,Rincon Chamula San Pedro
Tennessee,Chihuahua,Temosachic
Tennessee,Guerrero,Zihuatanejo De Azueta
Tennessee,Morelos,Coatetelco
Tennessee,Morelos,Xoxocotla
Tennessee,Morelos,Zacatepec
Tennessee,Morelos,Zacualpan De Amilpas
Tennessee,Oaxaca,Animas Trujano
Tennessee,Oaxaca,Heroica Ciudad De Juchitan De Zaragoza
Tennessee,Oaxaca,Nuevo Zoquiapam
Tennessee,Oaxaca,San Andres Huayapam
Tennessee,Oaxaca,San Andres Teotilalpam
Tennessee,Oaxaca,San Felipe Tejalapam
Tennessee,Oaxaca,San Jeronimo Tecoatl
Tennessee,Oaxaca,San Mateo Yucutindoo
Tennessee,Oaxaca,San Pedro Sochiapam
Tennessee,Oaxaca,San Pedro Totolapam
Tennessee,Oaxaca,Santiago Choapam
Tennessee,Oaxaca,Tamazulapam Del Espiritu Santo
Tennessee,Puebla,Tilapa
Tennessee,Quintana Roo,Bacalar
Tennessee,Quintana Roo,Puerto Morelos
Tennessee,Tlaxcala,Atltzayanca
Tennessee,Tlaxcala,San Damian Texoloc
Tennessee,Tlaxcala,Yauhquemehcan
Tennessee,Tlaxcala,Ziltlaltepec De Trinidad Sanchez Santos
Tennessee,Veracruz De Ignacio De La Llave,Alamo Temapache
Tennessee,Veracruz De Ignacio De La Llave,Cazones De Herrera
Tennessee,Veracruz De Ignacio De La Llave,Huiloapan De Cuauhtemoc
Tennessee,Veracruz De Ignacio De La Llave,Tuxpan
Tennessee,Zacatecas,Teul De Gonzalez Ortega
Texas,Baja California,San Quintin
Texas,Chiapas,Capitan Luis Angel Vidal
Texas,Chiapas,El Parral
Texas,Chiapas,Emiliano Zapata
Texas,Chiapas,Jiquipilas
Texas,Chiapas,Mezcalapa
Texas,Chiapas,Rincon Chamula San Pedro
Texas,Chihuahua,Temosachic
Texas,Guerrero,Zihuatanejo De Azueta
Texas,Morelos,Coatetelco
Texas,Morelos,Xoxocotla
Texas,Morelos,Zacatepec
Texas,Morelos,Zacualpan De Amilpas
Texas,Oaxaca,Animas Trujano
Texas,Oaxaca,Heroica Ciudad De Juchitan De Zaragoza
Texas,Oaxaca,Nuevo Zoquiapam
Texas,Oaxaca,San Andres Huayapam
Texas,Oaxaca,San Andres Teotilalpam
Texas,Oaxaca,San Felipe Tejalapam
Texas,Oaxaca,San Jeronimo Tecoatl
Texas,Oaxaca,San Mateo Yucutindoo
Texas,Oaxaca,San Pedro Sochiapam
Texas,Oaxaca,San Pedro Totolapam
Texas,Oaxaca,Santiago Choapam
Texas,Oaxaca,Tamazulapam Del Espiritu Santo
Texas,Puebla,Tilapa
Texas,Quintana Roo,Bacalar
Texas,Quintana Roo,Puerto Morelos
Texas,Tlaxcala,Atltzayanca
Texas,Tlaxcala,San Damian Texoloc
Texas,Tlaxcala,Yauhquemehcan
Texas,Tlaxcala,Ziltlaltepec De Trinidad Sanchez Santos
Texas,Veracruz De Ignacio De La Llave,Alamo Temapache
Texas,Veracruz De Ignacio De La Llave,Cazones De Herrera
Texas,Veracruz De Ignacio De La Llave,Huiloapan De Cuauhtemoc
Texas,Veracruz De Ignacio De La Llave,Tuxpan
Texas,Zacatecas,Teul De Gonzalez Ortega
Utah,Baja California,San Quintin
Utah,Chiapas,Capitan Luis Angel Vidal
Utah,Chiapas,El Parral
Utah,Chiapas,Emiliano Zapata
Utah,Chiapas,Jiquipilas
Utah,Chiapas,Mezcalapa
Utah,Chiapas,Rincon Chamula San Pedro
Utah,Chihuahua,Temosachic
Utah,Guerrero,Zihuatanejo De Azueta
Utah,Morelos,Coatetelco
Utah,Morelos,Xoxocotla
Utah,Morelos,Zacatepec
Utah,Morelos,Zacualpan De Amilpas
Utah,Oaxaca,Animas Trujano
Utah,Oaxaca,Heroica Ciudad De Juchitan De Zaragoza
Utah,Oaxaca,Nuevo Zoquiapam
Utah,Oaxaca,San Andres Huayapam
Utah,Oaxaca,San Andres Teotilalpam
Utah,Oaxaca,San Felipe Tejalapam
Utah,Oaxaca,San Jeronimo Tecoatl
Utah,Oaxaca,San Mateo Yucutindoo
Utah,Oaxaca,San Pedro Sochiapam
Utah,Oaxaca,San Pedro Totolapam
Utah,Oaxaca,Santiago Choapam
Utah,Oaxaca,Tamazulapam Del Espiritu Santo
Utah,Puebla,Tilapa
Utah,Quintana Roo,Bacalar
Utah,Quintana Roo,Puerto Morelos
Utah,Tlaxcala,Atltzayanca
Utah,Tlaxcala,San Damian Texoloc
Utah,Tlaxcala,Yauhquemehcan
Utah,Tlaxcala,Ziltlaltepec De Trinidad Sanchez Santos
Utah,Veracruz De Ignacio De La Llave,Alamo Temapache
Utah,Veracruz De Ignacio De La Llave,Cazones De Herrera
Utah,Veracruz De Ignacio De La Llave,Huiloapan De Cuauhtemoc
Utah,Veracruz De Ignacio De La Llave,Tuxpan
Utah,Zacatecas,Teul De Gonzalez Ortega
Vermont,Baja California,San Quintin
Vermont,Chiapas,Capitan Luis Angel Vidal
Vermont,Chiapas,El Parral
Vermont,Chiapas,Emiliano Zapata
Vermont,Chiapas,Jiquipilas
Vermont,Chiapas,Mezcalapa
Vermont,Chiapas,Rincon Chamula San Pedro
Vermont,Chihuahua,Temosachic
Vermont,Guerrero,Zihuatanejo De Azueta
Vermont,Morelos,Coatetelco
Vermont,Morelos,Xoxocotla
Vermont,Morelos,Zacatepec
Vermont,Morelos,Zacualpan De Amilpas
Vermont,Oaxaca,Animas Trujano
Vermont,Oaxaca,Heroica Ciudad De Juchitan De Zaragoza
Vermont,Oaxaca,Nuevo Zoquiapam
Vermont,Oaxaca,San Andres Huayapam
Vermont,Oaxaca,San Andres Teotilalpam
Vermont,Oaxaca,San Felipe Tejalapam
Vermont,Oaxaca,San Jeronimo Tecoatl
Vermont,Oaxaca,San Mateo Yucutindoo
Vermont,Oaxaca,San Pedro Sochiapam
Vermont,Oaxaca,San Pedro Totolapam
Vermont,Oaxaca,Santiago Choapam
Vermont,Oaxaca,Tamazulapam Del Espiritu Santo
Vermont,Puebla,Tilapa
Vermont,Quintana Roo,Bacalar
Vermont,Quintana Roo,Puerto Morelos
Vermont,Tlaxcala,Atltzayanca
Vermont,Tlaxcala,San Damian Texoloc
Vermont,Tlaxcala,Yauhquemehcan
Vermont,Tlaxcala,Ziltlaltepec De Trinidad Sanchez Santos
Vermont,Veracruz De Ignacio De La Llave,Alamo Temapache
Vermont,Veracruz De Ignacio De La Llave,Cazones De Herrera
Vermont,Veracruz De Ignacio De La Llave,Huiloapan De Cuauhtemoc
Vermont,Veracruz De Ignacio De La Llave,Tuxpan
Vermont,Zacatecas,Teul De Gonzalez Ortega
Virginia,Baja California,San Quintin
Virginia,Chiapas,Capitan Luis Angel Vidal
Virginia,Chiapas,El Parral
Virginia,Chiapas,Emiliano Zapata
Virginia,Chiapas,Jiquipilas
Virginia,Chiapas,Mezcalapa
Virginia,Chiapas,Rincon Chamula San Pedro
Virginia,Chihuahua,Temosachic
Virginia,Guerrero,Zihuatanejo De Azueta
Virginia,Morelos,Coatetelco
Virginia,Morelos,Xoxocotla
Virginia,Morelos,Zacatepec
Virginia,Morelos,Zacualpan De Amilpas
Virginia,Oaxaca,Animas Trujano
Virginia,Oaxaca,Heroica Ciudad De Juchitan De Zaragoza
Virginia,Oaxaca,Nuevo Zoquiapam
Virginia,Oaxaca,San Andres Huayapam
Virginia,Oaxaca,San Andres Teotilalpam
Virginia,Oaxaca,San Felipe Tejalapam
Virginia,Oaxaca,San Jeronimo Tecoatl
Virginia,Oaxaca,San Mateo Yucutindoo
Virginia,Oaxaca,San Pedro Sochiapam
Virginia,Oaxaca,San Pedro Totolapam
Virginia,Oaxaca,Santiago Choapam
Virginia,Oaxaca,Tamazulapam Del Espiritu Santo
Virginia,Puebla,Tilapa
Virginia,Quintana Roo,Bacalar
Virginia,Quintana Roo,Puerto Morelos
Virginia,Tlaxcala,Atltzayanca
Virginia,Tlaxcala,San Damian Texoloc
Virginia,Tlaxcala,Yauhquemehcan
Virginia,Tlaxcala,Ziltlaltepec De Trinidad Sanchez Santos
Virginia,Veracruz De Ignacio De La Llave,Alamo Temapache
Virginia,Veracruz De Ignacio De La Llave,Cazones De Herrera
Virginia,Veracruz De Ignacio De La Llave,Huiloapan De Cuauhtemoc
Virginia,Veracruz De Ignacio De La Llave,Tuxpan
Virginia,Zacatecas,Teul De Gonzalez Ortega
Washington,Baja California,San Quintin
Washington,Chiapas,Capitan Luis Angel Vidal
Washington,Chiapas,El Parral
Washington,Chiapas,Emiliano Zapata
Washington,Chiapas,Jiquipilas
Washington,Chiapas,Mezcalapa
Washington,Chiapas,Rincon Chamula San Pedro
Washington,Chihuahua,Temosachic
Washington,Guerrero,Zihuatanejo De Azueta
Washington,Morelos,Coatetelco
Washington,Morelos,Xoxocotla
Washington,Morelos,Zacatepec
Washington,Morelos,Zacualpan De Amilpas
Washington,Oaxaca,Animas Trujano
Washington,Oaxaca,Heroica Ciudad De Juchitan De Zaragoza
Washington,Oaxaca,Nuevo Zoquiapam
Washington,Oaxaca,San Andres Huayapam
Washington,Oaxaca,San Andres Teotilalpam
Washington,Oaxaca,San Felipe Tejalapam
Washington,Oaxaca,San Jeronimo Tecoatl
Washington,Oaxaca,San Mateo Yucutindoo
Washington,Oaxaca,San Pedro Sochiapam
Washington,Oaxaca,San Pedro Totolapam
Washington,Oaxaca,Santiago Choapam
Washington,Oaxaca,Tamazulapam Del Espiritu Santo
Washington,Puebla,Tilapa
Washington,Quintana Roo,Bacalar
Washington,Quintana Roo,Puerto Morelos
Washington,Tlaxcala,Atltzayanca
Washington,Tlaxcala,San Damian Texoloc
Washington,Tlaxcala,Yauhquemehcan
Washington,Tlaxcala,Ziltlaltepec De Trinidad Sanchez Santos
Washington,Veracruz De Ignacio De La Llave,Alamo Temapache
Washington,Veracruz De Ignacio De La Llave,Cazones De Herrera
Washington,Veracruz De Ignacio De La Llave,Huiloapan De Cuauhtemoc
Washington,Veracruz De Ignacio De La Llave,Tuxpan
Washington,Zacatecas,Teul De Gonzalez Ortega
West Virginia,Baja California,San Quintin
West Virginia,Chiapas,Capitan Luis Angel Vidal
West Virginia,Chiapas,El Parral
West Virginia,Chiapas,Emiliano Zapata
West Virginia,Chiapas,Jiquipilas
West Virginia,Chiapas,Mezcalapa
West Virginia,Chiapas,Rincon Chamula San Pedro
West Virginia,Chihuahua,Temosachic
West Virginia,Guerrero,Zihuatanejo De Azueta
West Virginia,Morelos,Coatetelco
West Virginia,Morelos,Xoxocotla
West Virginia,Morelos,Zacatepec
West Virginia,Morelos,Zacualpan De Amilpas
West Virginia,Oaxaca,Animas Trujano
West Virginia,Oaxaca,Heroica Ciudad De Juchitan De Zaragoza
West Virginia,Oaxaca,Nuevo Zoquiapam
West Virginia,Oaxaca,San Andres Huayapam
West Virginia,Oaxaca,San Andres Teotilalpam
West Virginia,Oaxaca,San Felipe Tejalapam
West Virginia,Oaxaca,San Jeronimo Tecoatl
West Virginia,Oaxaca,San Mateo Yucutindoo
West Virginia,Oaxaca,San Pedro Sochiapam
West Virginia,Oaxaca,San Pedro Totolapam
West Virginia,Oaxaca,Santiago Choapam
West Virginia,Oaxaca,Tamazulapam Del Espiritu Santo
West Virginia,Puebla,Tilapa
West Virginia,Quintana Roo,Bacalar
West Virginia,Quintana Roo,Puerto Morelos
West Virginia,Tlaxcala,Atltzayanca
West Virginia,Tlaxcala,San Damian Texoloc
West Virginia,Tlaxcala,Yauhquemehcan
West Virginia,Tlaxcala,Ziltlaltepec De Trinidad Sanchez Santos
West Virginia,Veracruz De Ignacio De La Llave,Alamo Temapache
West Virginia,Veracruz De Ignacio De La Llave,Cazones De Herrera
West Virginia,Veracruz De Ignacio De La Llave,Huiloapan De Cuauhtemoc
West Virginia,Veracruz De Ignacio De La Llave,Tuxpan
West Virginia,Zacatecas,Teul De Gonzalez Ortega
Wisconsin,Baja California,San Quintin
Wisconsin,Chiapas,Capitan Luis Angel Vidal
Wisconsin,Chiapas,El Parral
Wisconsin,Chiapas,Emiliano Zapata
Wisconsin,Chiapas,Jiquipilas
Wisconsin,Chiapas,Mezcalapa
Wisconsin,Chiapas,Rincon Chamula San Pedro
Wisconsin,Chihuahua,Temosachic
Wisconsin,Guerrero,Zihuatanejo De Azueta
Wisconsin,Morelos,Coatetelco
Wisconsin,Morelos,Xoxocotla
Wisconsin,Morelos,Zacatepec
Wisconsin,Morelos,Zacualpan De Amilpas
Wisconsin,Oaxaca,Animas Trujano
Wisconsin,Oaxaca,Heroica Ciudad De Juchitan De Zaragoza
Wisconsin,Oaxaca,Nuevo Zoquiapam
Wisconsin,Oaxaca,San Andres Huayapam
Wisconsin,Oaxaca,San Andres Teotilalpam
Wisconsin,Oaxaca,San Felipe Tejalapam
Wisconsin,Oaxaca,San Jeronimo Tecoatl
Wisconsin,Oaxaca,San Mateo Yucutindoo
Wisconsin,Oaxaca,San Pedro Sochiapam
Wisconsin,Oaxaca,San Pedro Totolapam
Wisconsin,Oaxaca,Santiago Choapam
Wisconsin,Oaxaca,Tamazulapam Del Espiritu Santo
Wisconsin,Puebla,Tilapa
Wisconsin,Quintana Roo,Bacalar
Wisconsin,Quintana Roo,Puerto Morelos
Wisconsin,Tlaxcala,Atltzayanca
Wisconsin,Tlaxcala,San Damian Texoloc
Wisconsin,Tlaxcala,Yauhquemehcan
Wisconsin,Tlaxcala,Ziltlaltepec De Trinidad Sanchez Santos
Wisconsin,Veracruz De Ignacio De La Llave,Alamo Temapache
Wisconsin,Veracruz De Ignacio De La Llave,Cazones De Herrera
Wisconsin,Veracruz De Ignacio De La Llave,Huiloapan De Cuauhtemoc
Wisconsin,Veracruz De Ignacio De La Llave,Tuxpan
Wisconsin,Zacatecas,Teul De Gonzalez Ortega
Wyoming,Baja California,San Quintin
Wyoming,Chiapas,Capitan Luis Angel Vidal
Wyoming,Chiapas,El Parral
Wyoming,Chiapas,Emiliano Zapata
Wyoming,Chiapas,Jiquipilas
Wyoming,Chiapas,Mezcalapa
Wyoming,Chiapas,Rincon Chamula San Pedro
Wyoming,Chihuahua,Temosachic
Wyoming,Guerrero,Zihuatanejo De Azueta
Wyoming,Morelos,Coatetelco
Wyoming,Morelos,Xoxocotla
Wyoming,Morelos,Zacatepec
Wyoming,Morelos,Zacualpan De Amilpas
Wyoming,Oaxaca,Animas Trujano
Wyoming,Oaxaca,Heroica Ciudad De Juchitan De Zaragoza
Wyoming,Oaxaca,Nuevo Zoquiapam
Wyoming,Oaxaca,San Andres Huayapam
Wyoming,Oaxaca,San Andres Teotilalpam
Wyoming,Oaxaca,San Felipe Tejalapam
Wyoming,Oaxaca,San Jeronimo Tecoatl
Wyoming,Oaxaca,San Mateo Yucutindoo
Wyoming,Oaxaca,San Pedro Sochiapam
Wyoming,Oaxaca,San Pedro Totolapam
Wyoming,Oaxaca,Santiago Choapam
Wyoming,Oaxaca,Tamazulapam Del Espiritu Santo
Wyoming,Puebla,Tilapa
Wyoming,Quintana Roo,Bacalar
Wyoming,Quintana Roo,Puerto Morelos
Wyoming,Tlaxcala,Atltzayanca
Wyoming,Tlaxcala,San Damian Texoloc
Wyoming,Tlaxcala,Yauhquemehcan
Wyoming,Tlaxcala,Ziltlaltepec De Trinidad Sanchez Santos
Wyoming,Veracruz De Ignacio De La Llave,Alamo Temapache
Wyoming,Veracruz De Ignacio De La Llave,Cazones De Herrera
Wyoming,Veracruz De Ignacio De La Llave,Huiloapan De Cuauhtemoc
Wyoming,Veracruz De Ignacio De La Llave,Tuxpan
Wyoming,Zacatecas,Teul De Gonzalez Ortega
