period_date,year,quarter,year_quarter,origin_total_kept_musd,origin_total_dropped_musd,municipality_total_raw_musd,municipality_scale_factor,municipality_total_scaled_musd,ipfp_iterations,ipfp_converged,ipfp_max_gap,fallback_states_used
2013-01-01,2013,1,2013Q1,4656.853234,437.29091100000005,5157.502569,0.9029279523757809,4656.853234,20,TRUE,9.20788778557835e-9,Florida
2013-04-01,2013,2,2013Q2,5562.774521,525.0840840000001,6181.774365,0.8998669625496757,5562.774521,21,TRUE,4.462172853436641e-9,Florida
2013-07-01,2013,3,2013Q3,4872.539175,761.040127,5784.131797,0.8423976745355617,4872.539175,21,TRUE,5.315172302289284e-9,Florida
2013-10-01,2013,4,2013Q4,5058.957958,467.26485399999996,5618.604896,0.900393968189786,5058.957958,20,TRUE,9.753698293479829e-9,Florida
2014-01-01,2014,1,2014Q1,4421.026882,1059.91818,5598.588457,0.7896681308075651,4421.026882,20,TRUE,6.390479256879189e-9,
2014-04-01,2014,2,2014Q2,4702.289036,1522.391314,6291.467526,0.7474073444021461,4702.289036,21,TRUE,9.790198873815825e-9,
2014-07-01,2014,3,2014Q3,5109.471535,770.0448769999999,6038.360483,0.8461686826059601,5109.471534999999,20,TRUE,3.777699930651579e-9,
2014-10-01,2014,4,2014Q4,5039.830969,903.066987,6135.964214,0.8213592506783156,5039.830969,19,TRUE,4.19439771803809e-9,
2015-01-01,2015,1,2015Q1,5220.532879,521.130676,5811.573712,0.8982993484570982,5220.532879,18,TRUE,9.157723468433687e-9,
2015-04-01,2015,2,2015Q2,6104.662787,64.638341,6434.661355,0.9487154723778001,6104.662787,20,TRUE,9.173319881483621e-9,
2015-07-01,2015,3,2015Q3,6300.708488,72.42929699999999,6627.953157,0.9506265869344014,6300.708488,20,TRUE,6.654722994881013e-9,
2015-10-01,2015,4,2015Q4,5920.817945,54.912633,6258.42933,0.946054933722484,5920.817945,20,TRUE,5.368249844650563e-9,
2016-01-01,2016,1,2016Q1,6027.314287,58.90509,6263.439031,0.962301102823651,6027.314287,19,TRUE,8.985786337234458e-9,
2016-04-01,2016,2,2016Q2,6688.094696,103.193282,7024.980895,0.9520445387631193,6688.094696,20,TRUE,4.292445510145626e-9,
2016-07-01,2016,3,2016Q3,6663.0807079999995,67.77969,6974.811081,0.955306262867939,6663.0807079999995,20,TRUE,3.7187675161476363e-9,
2016-10-01,2016,4,2016Q4,6693.7932550000005,67.091877,7022.622028,0.9531757836761082,6693.7932550000005,20,TRUE,3.541565263276425e-9,
2017-01-01,2017,1,2017Q1,6721.198429,67.946855,6978.305959,0.9631561683436356,6721.198428999999,20,TRUE,3.869018883051467e-9,
2017-04-01,2017,2,2017Q2,7387.902911,81.420303,7731.766127,0.9555259160259388,7387.902911,20,TRUE,6.757332471352129e-9,
2017-07-01,2017,3,2017Q3,7392.144258,62.565353,7810.062176,0.9464898090972637,7392.144257999999,20,TRUE,8.467978318549285e-9,
2017-10-01,2017,4,2017Q4,7651.912237,62.77884,8089.66657,0.9458872217770528,7651.912237,20,TRUE,8.999421652333695e-9,
2018-01-01,2018,1,2018Q1,6864.438608,81.122146,7258.863252,0.9456630287268015,6864.438608,20,TRUE,4.34867786225368e-9,
2018-04-01,2018,2,2018Q2,8834.00595,43.124043,9181.067631,0.9621981130137697,8834.00595,21,TRUE,3.6175578088659677e-9,
2018-07-01,2018,3,2018Q3,8127.537928,39.059413,8598.178319999999,0.9452627784067638,8127.537928000001,21,TRUE,4.0378864696322125e-9,
2018-10-01,2018,4,2018Q4,8551.934669,76.704375,9056.746284,0.9442612612554002,8551.934668999998,20,TRUE,4.424393296176277e-9,
2019-01-01,2019,1,2019Q1,7660.222733,32.972249,7993.545519,0.9583010085815212,7660.222733,20,TRUE,5.50500800500231e-9,
2019-04-01,2019,2,2019Q2,9180.050983,40.520759999999996,9594.52147,0.9568013383162506,9180.050983,21,TRUE,3.756525757125928e-9,
2019-07-01,2019,3,2019Q3,9511.92691,38.509234,9930.999757,0.9578015449346265,9511.92691,20,TRUE,6.836572197244095e-9,
2019-10-01,2019,4,2019Q4,8922.641577,29.274098,9343.92942,0.9549132036359067,8922.641577,20,TRUE,3.728544584191695e-9,
2020-01-01,2020,1,2020Q1,9023.036458999999,191.40857699999998,9526.468467,0.9471543930740015,9023.036458999999,20,TRUE,3.826883698820893e-9,Alaska
2020-04-01,2020,2,2020Q2,9608.803918,183.061133,10052.099755,0.955900175306209,9608.803918,21,TRUE,6.9995280682633165e-9,Alaska
2020-07-01,2020,3,2020Q3,10296.866105000001,187.20827500000001,10854.153669,0.9486567464406148,10296.866105000003,21,TRUE,6.975781730034214e-9,Alaska
2020-10-01,2020,4,2020Q4,10258.443951,185.640015,10847.423497,0.9457032772655285,10258.443951,21,TRUE,7.638661259079527e-9,Alaska
2021-01-01,2021,1,2021Q1,10266.001879,185.171081,10821.313414,0.9486835364844373,10266.001879,21,TRUE,4.81576023503294e-9,
2021-04-01,2021,2,2021Q2,12628.506712,172.801503,13313.123146,0.9485758205274548,12628.506712,21,TRUE,9.04907437870861e-9,
2021-07-01,2021,3,2021Q3,12840.733967,265.991784,13680.452783,0.9386190772104066,12840.733966999998,22,TRUE,3.65886876352306e-9,
2021-10-01,2021,4,2021Q4,13359.066966,264.44545800000003,14131.412011,0.9453455150554806,13359.066966,21,TRUE,8.648768812236085e-9,
2022-01-01,2022,1,2022Q1,11779.749722,239.13092999999998,12365.91144,0.9525985835460585,11779.749722,21,TRUE,8.59594706525968e-9,
2022-04-01,2022,2,2022Q2,14036.070959,296.853087,14788.051323,0.9491494621180793,14036.070959,22,TRUE,5.050239337833773e-9,
2022-07-01,2022,3,2022Q3,14720.969806000001,318.793353,15261.605486,0.9645754386394051,14720.969806000001,22,TRUE,4.928409680360346e-9,
2022-10-01,2022,4,2022Q4,14687.940638,287.23584100000005,15242.105577,0.9636424943915739,14687.940638,22,TRUE,4.637001893570414e-9,
2023-01-01,2023,1,2023Q1,13179.246723,240.472967,13659.270831,0.9648572669845176,13179.246723,22,TRUE,8.762953029872733e-9,
2023-04-01,2023,2,2023Q2,15419.712966000001,254.94544299999998,16007.457362,0.9632830884563066,15419.712966000003,22,TRUE,5.526317181647755e-9,
2023-07-01,2023,3,2023Q3,16089.724689,164.24203,16557.488103,0.9717491318073032,16089.724689,21,TRUE,8.082707836365444e-9,
2023-10-01,2023,4,2023Q4,15488.332273,88.38979,15943.976774,0.9714221547447921,15488.332273,22,TRUE,3.9308076793531654e-9,
2024-01-01,2024,1,2024Q1,13495.525416,62.338795000000005,13837.411784,0.9752926072204255,13495.525416,22,TRUE,4.530647856881842e-9,Connecticut
2024-04-01,2024,2,2024Q2,16562.426685,76.51308900000001,16918.831212,0.9789344475079806,16562.426685,22,TRUE,5.672205816154019e-9,Connecticut
2024-07-01,2024,3,2024Q3,16389.739322,83.764228,16703.656796,0.9812066616409905,16389.739322,21,TRUE,8.7128171344375e-9,Connecticut
2024-10-01,2024,4,2024Q4,15789.652153000001,69.490554,16087.124927,0.9815086427593577,15789.652153000001,21,TRUE,8.993595201900462e-9,Connecticut
