mx_region,mx_state,mx_municipality,mx_municipality_id,pre_florida_total_musd,pre_all_states_total_musd,pre_avg_quarterly_florida_musd,pre_florida_share,pre_florida_rank
South,Chiapas,San Cristobal De Las Casas,Chiapas - San Cristobal De Las Casas,708.018459655609,1282.47523718529,18.1543194783489,0.552071836653571,1
Central,Hidalgo,Ixmiquilpan,Hidalgo - Ixmiquilpan,432.664555100869,1135.52659887025,11.0939629513043,0.381025469179968,2
Bajio/West,Queretaro,Queretaro,Queretaro - Queretaro,167.026525639519,1977.72985536959,4.28273142665433,0.084453660435998,3
South,Chiapas,Comitan De Dominguez,Chiapas - Comitan De Dominguez,145.850776092938,987.210524082172,3.73976348956252,0.147740297064335,4
Bajio/West,Michoacan De Ocampo,Morelia,Michoacan De Ocampo - Morelia,133.671863263266,3677.41275744852,3.42748367341708,0.0363494315378432,5
South,Chiapas,Frontera Comalapa,Chiapas - Frontera Comalapa,126.570807705359,569.5768361348,3.24540532577844,0.222219022396136,6
Bajio/West,Guanajuato,Apaseo El Alto,Guanajuato - Apaseo El Alto,122.654035267414,822.831920437431,3.14497526326702,0.149063292539999,7
South,Guerrero,Pungarabato,Guerrero - Pungarabato,118.347568856873,1034.88113843126,3.03455304761214,0.114358610338838,8
Central,Ciudad De Mexico,Alvaro Obregon,Ciudad De Mexico - Alvaro Obregon,114.015936915255,2813.07986337441,2.92348556192961,0.0405306434416291,9
South,Oaxaca,Heroica Ciudad De Tlaxiaco,Oaxaca - Heroica Ciudad De Tlaxiaco,106.380567900535,597.543162398637,2.72770686924448,0.178029930881487,10
South,Guerrero,Chilapa De Alvarez,Guerrero - Chilapa De Alvarez,97.4537812972687,663.570966831812,2.49881490505817,0.146862635902467,11
South,Chiapas,Motozintla,Chiapas - Motozintla,95.7798188433261,467.757261834757,2.45589279085452,0.204763937747613,12
South,Chiapas,Tapachula,Chiapas - Tapachula,95.6977682052188,770.765305862322,2.45378892833894,0.124159413348468,13
Bajio/West,Aguascalientes,Aguascalientes,Aguascalientes - Aguascalientes,94.7731334290464,2529.70092461488,2.43008034433452,0.0374641652326844,14
South,Oaxaca,Oaxaca De Juarez,Oaxaca - Oaxaca De Juarez,88.7754303313371,2912.07100671998,2.2762930854189,0.0304853247487703,15
Central,Hidalgo,Zimapan,Hidalgo - Zimapan,88.2505452794997,375.28318605503,2.26283449434615,0.235157205435148,16
Central,Ciudad De Mexico,Miguel Hidalgo,Ciudad De Mexico - Miguel Hidalgo,87.2762364947404,2513.19792954134,2.23785221781386,0.0347271639327939,17
Bajio/West,Guanajuato,Celaya,Guanajuato - Celaya,84.6489137902098,1652.45625863698,2.17048496897974,0.0512261146688579,18
Bajio/West,Guanajuato,Salvatierra,Guanajuato - Salvatierra,82.874509106276,940.680639873885,2.12498741298144,0.0881005790842967,19
Bajio/West,Queretaro,Cadereyta De Montes,Queretaro - Cadereyta De Montes,79.1210486017246,494.031172748993,2.02874483594166,0.160153959843187,20
North,Tamaulipas,Matamoros,Tamaulipas - Matamoros,77.3235867485736,1153.34875408291,1.98265607047625,0.0670426759250785,21
South,Chiapas,Bochil,Chiapas - Bochil,75.9659775871586,310.200664292602,1.94784557915791,0.244893020330551,22
Bajio/West,Queretaro,Jalpan De Serra,Queretaro - Jalpan De Serra,75.3668318721007,470.670569189872,1.9324828685154,0.160126502070915,23
Central,Ciudad De Mexico,Iztapalapa,Ciudad De Mexico - Iztapalapa,72.459339571735,1899.62419859041,1.85793178389064,0.0381440390291418,24
Bajio/West,San Luis Potosi,Rioverde,San Luis Potosi - Rioverde,70.2246653744602,1304.45368400272,1.80063244549898,0.0538345410309819,25
Bajio/West,Jalisco,San Pedro Tlaquepaque,Jalisco - San Pedro Tlaquepaque,70.2072480706976,947.445563035981,1.80018584796661,0.0741016168208404,26
Bajio/West,San Luis Potosi,San Luis Potosi,San Luis Potosi - San Luis Potosi,69.8360592144343,2557.0584584837,1.79066818498549,0.0273110921585446,27
Central,Ciudad De Mexico,Gustavo A. Madero,Ciudad De Mexico - Gustavo A. Madero,69.0567595561339,1594.6587730199,1.77068614246497,0.0433050384975821,28
Bajio/West,Guanajuato,Leon,Guanajuato - Leon,68.7821395622069,2682.63797203963,1.76364460415915,0.0256397397931079,29
Central,Estado De Mexico,Ecatepec De Morelos,Estado De Mexico - Ecatepec De Morelos,65.1066455390328,1666.65849272334,1.66940116766751,0.0390641789084505,30
Central,Hidalgo,Pachuca De Soto,Hidalgo - Pachuca De Soto,60.7290651106631,880.90130979601,1.55715551565803,0.0689396921486314,31
North,Nuevo Leon,Monterrey,Nuevo Leon - Monterrey,59.9945617571336,2590.74586914838,1.53832209633676,0.0231572546236867,32
Bajio/West,Guanajuato,San Luis De La Paz,Guanajuato - San Luis De La Paz,59.1808814118401,1241.21365179584,1.51745849773949,0.0476798505448397,33
Bajio/West,Guanajuato,Cortazar,Guanajuato - Cortazar,57.2519523205712,484.325115063117,1.46799877745054,0.118209753200823,34
Bajio/West,Queretaro,Landa De Matamoros,Queretaro - Landa De Matamoros,56.9437846721551,182.054601704076,1.46009704287577,0.3127840996006,35
South,Chiapas,Tuxtla Gutierrez,Chiapas - Tuxtla Gutierrez,55.7385525419252,743.568096564451,1.42919365492116,0.0749609252998577,36
Central,Estado De Mexico,Tejupilco,Estado De Mexico - Tejupilco,55.1199393983997,666.380990815771,1.41333177944615,0.0827153537662035,37
Central,Hidalgo,Actopan,Hidalgo - Actopan,52.5559780036864,573.489371796154,1.3475891795817,0.0916424620722829,38
Central,Puebla,Puebla,Puebla - Puebla,52.3365314130078,3784.25678234646,1.34196234392328,0.0138300687355989,39
Central,Ciudad De Mexico,Cuauhtemoc,Ciudad De Mexico - Cuauhtemoc,51.6293508865381,1519.87031857231,1.32382950991123,0.0339695763879619,40
South,Chiapas,Las Margaritas,Chiapas - Las Margaritas,49.9771118743281,266.676230907628,1.28146440703405,0.187407447991266,41
Bajio/West,Guanajuato,Silao De La Victoria,Guanajuato - Silao De La Victoria,49.5990235803865,520.507143062455,1.27176983539453,0.0952898038796658,42
Bajio/West,Michoacan De Ocampo,Huetamo,Michoacan De Ocampo - Huetamo,49.5750213491202,820.008782528819,1.27115439356718,0.0604566955932303,43
Bajio/West,Guanajuato,Acambaro,Guanajuato - Acambaro,49.2566629371931,1037.94816187538,1.26299135736393,0.0474558024633866,44
South,Chiapas,Pueblo Nuevo Solistahuacan,Chiapas - Pueblo Nuevo Solistahuacan,48.9339528234142,84.6901228467923,1.2547167390619,0.577799998140723,45
Bajio/West,Jalisco,Guadalajara,Jalisco - Guadalajara,48.4634798297985,3910.65338480052,1.24265332896919,0.0123926809822013,46
Bajio/West,Guanajuato,Yuriria,Guanajuato - Yuriria,48.0941400403104,850.136172439719,1.23318307795668,0.0565722781825528,47
South,Chiapas,Mapastepec,Chiapas - Mapastepec,47.576340506829,242.990180327677,1.21990616684177,0.195795321616172,48
Gulf/Southeast,Tabasco,Centro,Tabasco - Centro,45.5983094748091,704.067418638377,1.169187422431,0.0647641238150083,49
Gulf/Southeast,Veracruz De Ignacio De La Llave,Veracruz,Veracruz De Ignacio De La Llave - Veracruz,45.0118600225755,814.192787897517,1.15415025698912,0.0552840318554151,50
