study,subgroup,sample,fixed_effects,clusters,relative_quarter,calendar_quarter,is_reference_period,term,estimate,std.error,statistic,p.value,conf.low,conf.high,estimate_pct,conf.low_pct,conf.high_pct
Top 50 pooled TWFE event study,Top 50 pooled,Top 50 Florida-linked municipalities; NC/SC excluded,US state-municipality pair; Mexican municipality-quarter,US state; Mexican municipality,-16,2018 Q4,FALSE,relative_quarter::-16:florida,-0.0538385697687321,0.0225937685461334,-2.38289463126972,0.0211840664739905,-0.099266386113305,-0.00841075342415913,-5.24149369685667,-9.44985371224912,-0.837548199328431
Top 50 pooled TWFE event study,Top 50 pooled,Top 50 Florida-linked municipalities; NC/SC excluded,US state-municipality pair; Mexican municipality-quarter,US state; Mexican municipality,-15,2019 Q1,FALSE,relative_quarter::-15:florida,-0.0457903855956204,0.0231917991102086,-1.97442144863458,0.0541024716083664,-0.0924206229784446,0.000839851787203874,-4.47578262743454,-8.82784221643732,0.0840204561468605
Top 50 pooled TWFE event study,Top 50 pooled,Top 50 Florida-linked municipalities; NC/SC excluded,US state-municipality pair; Mexican municipality-quarter,US state; Mexican municipality,-14,2019 Q2,FALSE,relative_quarter::-14:florida,0.00308158544640629,0.0199724913135486,0.154291490131522,0.878026824163303,-0.0370757997849626,0.0432389706777751,0.308633841180694,-3.63969083263972,4.41873952073475
Top 50 pooled TWFE event study,Top 50 pooled,Top 50 Florida-linked municipalities; NC/SC excluded,US state-municipality pair; Mexican municipality-quarter,US state; Mexican municipality,-13,2019 Q3,FALSE,relative_quarter::-13:florida,-0.0742167200671679,0.0196635594642493,-3.77432784751422,0.000441439730955758,-0.113752956184599,-0.0346804839497374,-7.15295461434199,-10.7521590078066,-3.40860080188957
Top 50 pooled TWFE event study,Top 50 pooled,Top 50 Florida-linked municipalities; NC/SC excluded,US state-municipality pair; Mexican municipality-quarter,US state; Mexican municipality,-12,2019 Q4,FALSE,relative_quarter::-12:florida,-0.108272505806309,0.0206939231196493,-5.2320918165344,0.00000364112538186736,-0.14988042690228,-0.0666645847103386,-10.2616978975873,-13.918909990264,-6.44910672816673
Top 50 pooled TWFE event study,Top 50 pooled,Top 50 Florida-linked municipalities; NC/SC excluded,US state-municipality pair; Mexican municipality-quarter,US state; Mexican municipality,-11,2020 Q1,FALSE,relative_quarter::-11:florida,0.0184985585573538,0.0201964125207537,0.915932893445543,0.364280967021028,-0.0221090504361909,0.0591061675508984,1.86707168131031,-2.18664366567179,6.08878666280237
Top 50 pooled TWFE event study,Top 50 pooled,Top 50 Florida-linked municipalities; NC/SC excluded,US state-municipality pair; Mexican municipality-quarter,US state; Mexican municipality,-10,2020 Q2,FALSE,relative_quarter::-10:florida,-0.100993974510546,0.0195758059516532,-5.15912217151992,0.00000467895516013503,-0.140353770365447,-0.0616341786556443,-9.60615204587694,-13.0949263386649,-5.97732210900248
Top 50 pooled TWFE event study,Top 50 pooled,Top 50 Florida-linked municipalities; NC/SC excluded,US state-municipality pair; Mexican municipality-quarter,US state; Mexican municipality,-9,2020 Q3,FALSE,relative_quarter::-9:florida,-0.133676307216445,0.0172433540136226,-7.75233792166178,0.000000000522322890230067,-0.168346394134254,-0.0990062202986364,-12.5126791080772,-15.4938940214364,-9.42629259490607
Top 50 pooled TWFE event study,Top 50 pooled,Top 50 Florida-linked municipalities; NC/SC excluded,US state-municipality pair; Mexican municipality-quarter,US state; Mexican municipality,-8,2020 Q4,FALSE,relative_quarter::-8:florida,-0.0845003647767845,0.0167049042853768,-5.05841657834309,0.00000660524114279249,-0.118087825955749,-0.0509129035978199,-8.10286798426326,-11.1381994538241,-4.96385600098925
Top 50 pooled TWFE event study,Top 50 pooled,Top 50 Florida-linked municipalities; NC/SC excluded,US state-municipality pair; Mexican municipality-quarter,US state; Mexican municipality,-7,2021 Q1,FALSE,relative_quarter::-7:florida,0.0511169693027776,0.0146297032439943,3.49405373781329,0.00103339294024013,0.0217019794666746,0.0805319591388806,5.24459899574539,2.19391802240163,8.38634854323934
Top 50 pooled TWFE event study,Top 50 pooled,Top 50 Florida-linked municipalities; NC/SC excluded,US state-municipality pair; Mexican municipality-quarter,US state; Mexican municipality,-6,2021 Q2,FALSE,relative_quarter::-6:florida,0.109606124646865,0.0102838009480738,10.6581336220237,0.0000000000000301619794830848,0.0889291570201784,0.130283092273551,11.5838482616763,9.3003221978323,13.9150822478705
Top 50 pooled TWFE event study,Top 50 pooled,Top 50 Florida-linked municipalities; NC/SC excluded,US state-municipality pair; Mexican municipality-quarter,US state; Mexican municipality,-5,2021 Q3,FALSE,relative_quarter::-5:florida,0.00561658878328326,0.00909629599860024,0.617458884819442,0.539850441259335,-0.0126727401171406,0.0239059176837071,0.563239138979155,-1.25927790776696,2.41939548180596
Top 50 pooled TWFE event study,Top 50 pooled,Top 50 Florida-linked municipalities; NC/SC excluded,US state-municipality pair; Mexican municipality-quarter,US state; Mexican municipality,-4,2021 Q4,FALSE,relative_quarter::-4:florida,0.0520103136910638,0.00823568858931253,6.31523559044689,0.0000000825800792801403,0.0354513519604228,0.0685692754217049,5.33866067613724,3.60872432888095,7.09748146131073
Top 50 pooled TWFE event study,Top 50 pooled,Top 50 Florida-linked municipalities; NC/SC excluded,US state-municipality pair; Mexican municipality-quarter,US state; Mexican municipality,-3,2022 Q1,FALSE,relative_quarter::-3:florida,0.0508332265415112,0.00907738607381662,5.59998507589511,0.0000010176660359654,0.0325819185931213,0.069084534489901,5.21474083883622,3.31185212934078,7.15267862901403
Top 50 pooled TWFE event study,Top 50 pooled,Top 50 Florida-linked municipalities; NC/SC excluded,US state-municipality pair; Mexican municipality-quarter,US state; Mexican municipality,-2,2022 Q2,FALSE,relative_quarter::-2:florida,0.0353005197666442,0.00565122590418908,6.24652427015473,0.000000105232831692816,0.0239379685404952,0.0466630709927932,3.59309797620397,2.42267816378898,4.77689258570349
Top 50 pooled TWFE event study,Top 50 pooled,Top 50 Florida-linked municipalities; NC/SC excluded,US state-municipality pair; Mexican municipality-quarter,US state; Mexican municipality,-1,2022 Q3,TRUE,Reference quarter,0,,,,0,0,0,0,0
Top 50 pooled TWFE event study,Top 50 pooled,Top 50 Florida-linked municipalities; NC/SC excluded,US state-municipality pair; Mexican municipality-quarter,US state; Mexican municipality,0,2022 Q4,FALSE,relative_quarter::0:florida,0.0626627187645048,0.00421310031777986,14.873303277413,0.00000000000000000013404054509846,0.0541917128282189,0.0711337247007906,6.46676862343218,5.56869714910797,7.37247997960373
Top 50 pooled TWFE event study,Top 50 pooled,Top 50 Florida-linked municipalities; NC/SC excluded,US state-municipality pair; Mexican municipality-quarter,US state; Mexican municipality,1,2023 Q1,FALSE,relative_quarter::1:florida,-0.17047333680201,0.0108098011550476,-15.7702564882433,0.0000000000000000000128780758809572,-0.192207898727355,-0.148738774876665,-15.673442651419,-17.4864693921533,-13.820579220406
Top 50 pooled TWFE event study,Top 50 pooled,Top 50 Florida-linked municipalities; NC/SC excluded,US state-municipality pair; Mexican municipality-quarter,US state; Mexican municipality,2,2023 Q2,FALSE,relative_quarter::2:florida,-0.206980844195193,0.010794945644748,-19.1738662710075,0.00000000000000000000000384789501386808,-0.228685537115188,-0.185276151275198,-18.6964775817542,-20.4421325861975,-16.912519496879
Top 50 pooled TWFE event study,Top 50 pooled,Top 50 Florida-linked municipalities; NC/SC excluded,US state-municipality pair; Mexican municipality-quarter,US state; Mexican municipality,3,2023 Q3,FALSE,relative_quarter::3:florida,0.0839504638505724,0.0171210706836315,4.90334193473267,0.0000111957048171659,0.0495262440463216,0.118374683654823,8.75750181958268,5.07731683926722,12.5665800938719
Top 50 pooled TWFE event study,Top 50 pooled,Top 50 Florida-linked municipalities; NC/SC excluded,US state-municipality pair; Mexican municipality-quarter,US state; Mexican municipality,4,2023 Q4,FALSE,relative_quarter::4:florida,0.114850547752352,0.0155918131833621,7.36608028852657,0.000000002024080030864,0.0835011062315004,0.146199989273203,12.170578359356,8.70864178614512,15.7427638018382
Top 50 pooled TWFE event study,Top 50 pooled,Top 50 Florida-linked municipalities; NC/SC excluded,US state-municipality pair; Mexican municipality-quarter,US state; Mexican municipality,5,2024 Q1,FALSE,relative_quarter::5:florida,0.179598222800786,0.0162916634330107,11.023934022408,0.00000000000000946284149355666,0.146841638042859,0.212354807558713,19.6736445100222,15.8170538353336,23.6586557509361
Top 50 pooled TWFE event study,Top 50 pooled,Top 50 Florida-linked municipalities; NC/SC excluded,US state-municipality pair; Mexican municipality-quarter,US state; Mexican municipality,6,2024 Q2,FALSE,relative_quarter::6:florida,0.182958834126238,0.0161738713789133,11.3120000672672,0.00000000000000384414901113345,0.150439086166451,0.215478582086025,20.076497652395,16.234450008725,24.0455414671237
Top 50 pooled TWFE event study,Top 50 pooled,Top 50 Florida-linked municipalities; NC/SC excluded,US state-municipality pair; Mexican municipality-quarter,US state; Mexican municipality,7,2024 Q3,FALSE,relative_quarter::7:florida,0.0682792464267478,0.0159634855588335,4.27721415696494,0.0000896400051608953,0.0361825075093248,0.100375985344171,7.0664245903143,3.68450612335243,10.5586524269671
Top 50 pooled TWFE event study,Top 50 pooled,Top 50 Florida-linked municipalities; NC/SC excluded,US state-municipality pair; Mexican municipality-quarter,US state; Mexican municipality,8,2024 Q4,FALSE,relative_quarter::8:florida,0.120830176360716,0.0156121550679004,7.73949373646378,0.000000000546312754559589,0.0894398347397764,0.152220517981656,12.8433261451228,9.35615369186027,16.4416983005352
