mx_state,mx_municipality
Aguascalientes,Aguascalientes
Aguascalientes,Asientos
Aguascalientes,Calvillo
Aguascalientes,Cosio
Aguascalientes,El Llano
Aguascalientes,Jesus Maria
Aguascalientes,Pabellon De Arteaga
Aguascalientes,Rincon De Romos
Aguascalientes,San Francisco De Los Romo
Aguascalientes,San Jose De Gracia
Aguascalientes,Tepezala
Baja California,Ensenada
Baja California,Mexicali
Baja California,Playas De Rosarito
Baja California,San Quintin
Baja California,Tecate
Baja California,Tijuana
Baja California Sur,Comondu
Baja California Sur,La Paz
Baja California Sur,Loreto
Baja California Sur,Los Cabos
Baja California Sur,Mulege
Campeche,Calakmul
Campeche,Calkini
Campeche,Campeche
Campeche,Candelaria
Campeche,Carmen
Campeche,Champoton
Campeche,Escarcega
Campeche,Hecelchakan
Campeche,Hopelchen
Campeche,Palizada
Campeche,Tenabo
Chiapas,Acacoyagua
Chiapas,Acala
Chiapas,Acapetahua
Chiapas,Aldama
Chiapas,Altamirano
Chiapas,Amatan
Chiapas,Amatenango De La Frontera
Chiapas,Amatenango Del Valle
Chiapas,Angel Albino Corzo
Chiapas,Arriaga
Chiapas,Bejucal De Ocampo
Chiapas,Bella Vista
Chiapas,Benemerito De Las Americas
Chiapas,Berriozabal
Chiapas,Bochil
Chiapas,Cacahoatan
Chiapas,Capitan Luis Angel Vidal
Chiapas,Catazaja
Chiapas,Chalchihuitan
Chiapas,Chamula
Chiapas,Chanal
Chiapas,Chapultenango
Chiapas,Chenalho
Chiapas,Chiapa De Corzo
Chiapas,Chiapilla
Chiapas,Chicoasen
Chiapas,Chicomuselo
Chiapas,Chilon
Chiapas,Coapilla
Chiapas,Comitan De Dominguez
Chiapas,Copainala
Chiapas,El Bosque
Chiapas,El Parral
Chiapas,El Porvenir
Chiapas,Emiliano Zapata
Chiapas,Escuintla
Chiapas,Francisco Leon
Chiapas,Frontera Comalapa
Chiapas,Frontera Hidalgo
Chiapas,Huehuetan
Chiapas,Huitiupan
Chiapas,Huixtan
Chiapas,Huixtla
Chiapas,Ixhuatan
Chiapas,Ixtacomitan
Chiapas,Ixtapa
Chiapas,Ixtapangajoya
Chiapas,Jiquipilas
Chiapas,Jitotol
Chiapas,Juarez
Chiapas,La Concordia
Chiapas,La Grandeza
Chiapas,La Independencia
Chiapas,La Libertad
Chiapas,La Trinitaria
Chiapas,Larrainzar
Chiapas,Las Margaritas
Chiapas,Las Rosas
Chiapas,Mapastepec
Chiapas,Maravilla Tenejapa
Chiapas,Marques De Comillas
Chiapas,Mazapa De Madero
Chiapas,Mazatan
Chiapas,Metapa
Chiapas,Mezcalapa
Chiapas,Mitontic
Chiapas,Montecristo De Guerrero
Chiapas,Motozintla
Chiapas,Nicolas Ruiz
Chiapas,Ocosingo
Chiapas,Ocotepec
Chiapas,Ocozocoautla De Espinosa
Chiapas,Ostuacan
Chiapas,Osumacinta
Chiapas,Oxchuc
Chiapas,Palenque
Chiapas,Pantelho
Chiapas,Pantepec
Chiapas,Pichucalco
Chiapas,Pijijiapan
Chiapas,Pueblo Nuevo Solistahuacan
Chiapas,Rayon
Chiapas,Reforma
Chiapas,Rincon Chamula San Pedro
Chiapas,Sabanilla
Chiapas,Salto De Agua
Chiapas,San Andres Duraznal
Chiapas,San Cristobal De Las Casas
Chiapas,San Fernando
Chiapas,San Juan Cancuc
Chiapas,San Lucas
Chiapas,Santiago El Pinar
Chiapas,Siltepec
Chiapas,Simojovel
Chiapas,Sitala
Chiapas,Socoltenango
Chiapas,Solosuchiapa
Chiapas,Soyalo
Chiapas,Suchiapa
Chiapas,Suchiate
Chiapas,Sunuapa
Chiapas,Tapachula
Chiapas,Tapalapa
Chiapas,Tapilula
Chiapas,Tecpatan
Chiapas,Tenejapa
Chiapas,Teopisca
Chiapas,Tila
Chiapas,Tonala
Chiapas,Totolapa
Chiapas,Tumbala
Chiapas,Tuxtla Chico
Chiapas,Tuxtla Gutierrez
Chiapas,Tuzantan
Chiapas,Tzimol
Chiapas,Union Juarez
Chiapas,Venustiano Carranza
Chiapas,Villa Comaltitlan
Chiapas,Villa Corzo
Chiapas,Villaflores
Chiapas,Yajalon
Chiapas,Zinacantan
Chihuahua,Ahumada
Chihuahua,Aldama
Chihuahua,Allende
Chihuahua,Aquiles Serdan
Chihuahua,Ascension
Chihuahua,Bachiniva
Chihuahua,Balleza
Chihuahua,Batopilas De Manuel Gomez Morin
Chihuahua,Bocoyna
Chihuahua,Buenaventura
Chihuahua,Camargo
Chihuahua,Carichi
Chihuahua,Casas Grandes
Chihuahua,Chihuahua
Chihuahua,Chinipas
Chihuahua,Coronado
Chihuahua,Coyame Del Sotol
Chihuahua,Cuauhtemoc
Chihuahua,Cusihuiriachi
Chihuahua,Delicias
Chihuahua,Dr. Belisario Dominguez
Chihuahua,El Tule
Chihuahua,Galeana
Chihuahua,Gomez Farias
Chihuahua,Gran Morelos
Chihuahua,Guachochi
Chihuahua,Guadalupe
Chihuahua,Guadalupe Y Calvo
Chihuahua,Guazapares
Chihuahua,Guerrero
Chihuahua,Hidalgo Del Parral
Chihuahua,Huejotitan
Chihuahua,Ignacio Zaragoza
Chihuahua,Janos
Chihuahua,Jimenez
Chihuahua,Juarez
Chihuahua,Julimes
Chihuahua,La Cruz
Chihuahua,Lopez
Chihuahua,Madera
Chihuahua,Maguarichi
Chihuahua,Manuel Benavides
Chihuahua,Matachi
Chihuahua,Matamoros
Chihuahua,Meoqui
Chihuahua,Morelos
Chihuahua,Moris
Chihuahua,Namiquipa
Chihuahua,Nonoava
Chihuahua,Nuevo Casas Grandes
Chihuahua,Ocampo
Chihuahua,Ojinaga
Chihuahua,Praxedis G. Guerrero
Chihuahua,Riva Palacio
Chihuahua,Rosales
Chihuahua,San Francisco De Borja
Chihuahua,San Francisco De Conchos
Chihuahua,San Francisco Del Oro
Chihuahua,Santa Barbara
Chihuahua,Santa Isabel
Chihuahua,Satevo
Chihuahua,Saucillo
Chihuahua,Temosachic
Chihuahua,Urique
Chihuahua,Uruachi
Chihuahua,Valle De Zaragoza
Ciudad De Mexico,Alvaro Obregon
Ciudad De Mexico,Azcapotzalco
Ciudad De Mexico,Benito Juarez
Ciudad De Mexico,Coyoacan
Ciudad De Mexico,Cuajimalpa De Morelos
Ciudad De Mexico,Cuauhtemoc
Ciudad De Mexico,Gustavo A. Madero
Ciudad De Mexico,Iztacalco
Ciudad De Mexico,Iztapalapa
Ciudad De Mexico,La Magdalena Contreras
Ciudad De Mexico,Miguel Hidalgo
Ciudad De Mexico,Milpa Alta
Ciudad De Mexico,Tlahuac
Ciudad De Mexico,Tlalpan
Ciudad De Mexico,Venustiano Carranza
Ciudad De Mexico,Xochimilco
Coahuila De Zaragoza,Abasolo
Coahuila De Zaragoza,Acuna
Coahuila De Zaragoza,Allende
Coahuila De Zaragoza,Arteaga
Coahuila De Zaragoza,Candela
Coahuila De Zaragoza,Castanos
Coahuila De Zaragoza,Cuatro Cienegas
Coahuila De Zaragoza,Escobedo
Coahuila De Zaragoza,Francisco I. Madero
Coahuila De Zaragoza,Frontera
Coahuila De Zaragoza,General Cepeda
Coahuila De Zaragoza,Guerrero
Coahuila De Zaragoza,Hidalgo
Coahuila De Zaragoza,Jimenez
Coahuila De Zaragoza,Juarez
Coahuila De Zaragoza,Lamadrid
Coahuila De Zaragoza,Matamoros
Coahuila De Zaragoza,Monclova
Coahuila De Zaragoza,Morelos
Coahuila De Zaragoza,Muzquiz
Coahuila De Zaragoza,Nadadores
Coahuila De Zaragoza,Nava
Coahuila De Zaragoza,Ocampo
Coahuila De Zaragoza,Parras
Coahuila De Zaragoza,Piedras Negras
Coahuila De Zaragoza,Progreso
Coahuila De Zaragoza,Ramos Arizpe
Coahuila De Zaragoza,Sabinas
Coahuila De Zaragoza,Sacramento
Coahuila De Zaragoza,Saltillo
Coahuila De Zaragoza,San Buenaventura
Coahuila De Zaragoza,San Juan De Sabinas
Coahuila De Zaragoza,San Pedro
Coahuila De Zaragoza,Sierra Mojada
Coahuila De Zaragoza,Torreon
Coahuila De Zaragoza,Viesca
Coahuila De Zaragoza,Villa Union
Coahuila De Zaragoza,Zaragoza
Colima,Armeria
Colima,Colima
Colima,Comala
Colima,Coquimatlan
Colima,Cuauhtemoc
Colima,Ixtlahuacan
Colima,Manzanillo
Colima,Minatitlan
Colima,Tecoman
Colima,Villa De Alvarez
Durango,Canatlan
Durango,Canelas
Durango,Coneto De Comonfort
Durango,Cuencame
Durango,Durango
Durango,El Oro
Durango,General Simon Bolivar
Durango,Gomez Palacio
Durango,Guadalupe Victoria
Durango,Guanacevi
Durango,Hidalgo
Durango,Inde
Durango,Lerdo
Durango,Mapimi
Durango,Mezquital
Durango,Nazas
Durango,Nombre De Dios
Durango,Nuevo Ideal
Durango,Ocampo
Durango,Otaez
Durango,Panuco De Coronado
Durango,Penon Blanco
Durango,Poanas
Durango,Pueblo Nuevo
Durango,Rodeo
Durango,San Bernardo
Durango,San Dimas
Durango,San Juan De Guadalupe
Durango,San Juan Del Rio
Durango,San Luis Del Cordero
Durango,San Pedro Del Gallo
Durango,Santa Clara
Durango,Santiago Papasquiaro
Durango,Suchil
Durango,Tamazula
Durango,Tepehuanes
Durango,Tlahualilo
Durango,Topia
Durango,Vicente Guerrero
Estado De Mexico,Acambay De Ruiz Castaneda
Estado De Mexico,Acolman
Estado De Mexico,Aculco
Estado De Mexico,Almoloya De Alquisiras
Estado De Mexico,Almoloya De Juarez
Estado De Mexico,Almoloya Del Rio
Estado De Mexico,Amanalco
Estado De Mexico,Amatepec
Estado De Mexico,Amecameca
Estado De Mexico,Apaxco
Estado De Mexico,Atenco
Estado De Mexico,Atizapan
Estado De Mexico,Atizapan De Zaragoza
Estado De Mexico,Atlacomulco
Estado De Mexico,Atlautla
Estado De Mexico,Axapusco
Estado De Mexico,Ayapango
Estado De Mexico,Calimaya
Estado De Mexico,Capulhuac
Estado De Mexico,Chalco
Estado De Mexico,Chapa De Mota
Estado De Mexico,Chapultepec
Estado De Mexico,Chiautla
Estado De Mexico,Chicoloapan
Estado De Mexico,Chiconcuac
Estado De Mexico,Chimalhuacan
Estado De Mexico,Coacalco De Berriozabal
Estado De Mexico,Coatepec Harinas
Estado De Mexico,Cocotitlan
Estado De Mexico,Coyotepec
Estado De Mexico,Cuautitlan
Estado De Mexico,Cuautitlan Izcalli
Estado De Mexico,Donato Guerra
Estado De Mexico,Ecatepec De Morelos
Estado De Mexico,Ecatzingo
Estado De Mexico,El Oro
Estado De Mexico,Huehuetoca
Estado De Mexico,Hueypoxtla
Estado De Mexico,Huixquilucan
Estado De Mexico,Isidro Fabela
Estado De Mexico,Ixtapaluca
Estado De Mexico,Ixtapan De La Sal
Estado De Mexico,Ixtapan Del Oro
Estado De Mexico,Ixtlahuaca
Estado De Mexico,Jaltenco
Estado De Mexico,Jilotepec
Estado De Mexico,Jilotzingo
Estado De Mexico,Jiquipilco
Estado De Mexico,Jocotitlan
Estado De Mexico,Joquicingo
Estado De Mexico,Juchitepec
Estado De Mexico,La Paz
Estado De Mexico,Lerma
Estado De Mexico,Luvianos
Estado De Mexico,Malinalco
Estado De Mexico,Melchor Ocampo
Estado De Mexico,Metepec
Estado De Mexico,Mexicaltzingo
Estado De Mexico,Morelos
Estado De Mexico,Naucalpan De Juarez
Estado De Mexico,Nextlalpan
Estado De Mexico,Nezahualcoyotl
Estado De Mexico,Nicolas Romero
Estado De Mexico,Nopaltepec
Estado De Mexico,Ocoyoacac
Estado De Mexico,Ocuilan
Estado De Mexico,Otumba
Estado De Mexico,Otzoloapan
Estado De Mexico,Otzolotepec
Estado De Mexico,Ozumba
Estado De Mexico,Papalotla
Estado De Mexico,Polotitlan
Estado De Mexico,Rayon
Estado De Mexico,San Antonio La Isla
Estado De Mexico,San Felipe Del Progreso
Estado De Mexico,San Jose Del Rincon
Estado De Mexico,San Martin De Las Piramides
Estado De Mexico,San Mateo Atenco
Estado De Mexico,San Simon De Guerrero
Estado De Mexico,Santo Tomas
Estado De Mexico,Soyaniquilpan De Juarez
Estado De Mexico,Sultepec
Estado De Mexico,Tecamac
Estado De Mexico,Tejupilco
Estado De Mexico,Temamatla
Estado De Mexico,Temascalapa
Estado De Mexico,Temascalcingo
Estado De Mexico,Temascaltepec
Estado De Mexico,Temoaya
Estado De Mexico,Tenancingo
Estado De Mexico,Tenango Del Aire
Estado De Mexico,Tenango Del Valle
Estado De Mexico,Teoloyucan
Estado De Mexico,Teotihuacan
Estado De Mexico,Tepetlaoxtoc
Estado De Mexico,Tepetlixpa
Estado De Mexico,Tepotzotlan
Estado De Mexico,Tequixquiac
Estado De Mexico,Texcaltitlan
Estado De Mexico,Texcalyacac
Estado De Mexico,Texcoco
Estado De Mexico,Tezoyuca
Estado De Mexico,Tianguistenco
Estado De Mexico,Timilpan
Estado De Mexico,Tlalmanalco
Estado De Mexico,Tlalnepantla De Baz
Estado De Mexico,Tlatlaya
Estado De Mexico,Toluca
Estado De Mexico,Tonanitla
Estado De Mexico,Tonatico
Estado De Mexico,Tultepec
Estado De Mexico,Tultitlan
Estado De Mexico,Valle De Bravo
Estado De Mexico,Valle De Chalco Solidaridad
Estado De Mexico,Villa De Allende
Estado De Mexico,Villa Del Carbon
Estado De Mexico,Villa Guerrero
Estado De Mexico,Villa Victoria
Estado De Mexico,Xalatlaco
Estado De Mexico,Xonacatlan
Estado De Mexico,Zacazonapan
Estado De Mexico,Zacualpan
Estado De Mexico,Zinacantepec
Estado De Mexico,Zumpahuacan
Estado De Mexico,Zumpango
Guanajuato,Abasolo
Guanajuato,Acambaro
Guanajuato,Apaseo El Alto
Guanajuato,Apaseo El Grande
Guanajuato,Atarjea
Guanajuato,Celaya
Guanajuato,Comonfort
Guanajuato,Coroneo
Guanajuato,Cortazar
Guanajuato,Cueramaro
Guanajuato,Doctor Mora
Guanajuato,Guanajuato
Guanajuato,Huanimaro
Guanajuato,Irapuato
Guanajuato,Jaral Del Progreso
Guanajuato,Jerecuaro
Guanajuato,Leon
Guanajuato,Manuel Doblado
Guanajuato,Moroleon
Guanajuato,Ocampo
Guanajuato,Penjamo
Guanajuato,Pueblo Nuevo
Guanajuato,Purisima Del Rincon
Guanajuato,Romita
Guanajuato,Salamanca
Guanajuato,Salvatierra
Guanajuato,San Diego De La Union
Guanajuato,San Felipe
Guanajuato,San Francisco Del Rincon
Guanajuato,San Jose De Iturbide
Guanajuato,San Luis De La Paz
Guanajuato,San Miguel De Allende
Guanajuato,Santa Catarina
Guanajuato,Santa Cruz De Juventino Rosas
Guanajuato,Santiago Maravatio
Guanajuato,Silao De La Victoria
Guanajuato,Tarandacuao
Guanajuato,Tarimoro
Guanajuato,Tierra Blanca
Guanajuato,Uriangato
Guanajuato,Valle De Santiago
Guanajuato,Victoria
Guanajuato,Villagran
Guanajuato,Xichu
Guanajuato,Yuriria
Guerrero,Acapulco De Juarez
Guerrero,Acatepec
Guerrero,Ahuacuotzingo
Guerrero,Ajuchitlan Del Progreso
Guerrero,Alcozauca De Guerrero
Guerrero,Alpoyeca
Guerrero,Arcelia
Guerrero,Atenango Del Rio
Guerrero,Atlamajalcingo Del Monte
Guerrero,Atlixtac
Guerrero,Atoyac De Alvarez
Guerrero,Ayutla De Los Libres
Guerrero,Azoyu
Guerrero,Benito Juarez
Guerrero,Buenavista De Cuellar
Guerrero,Chilapa De Alvarez
Guerrero,Chilpancingo De Los Bravo
Guerrero,Coahuayutla De Jose Maria Izazaga
Guerrero,Cochoapa El Grande
Guerrero,Cocula
Guerrero,Copala
Guerrero,Copalillo
Guerrero,Copanatoyac
Guerrero,Coyuca De Benitez
Guerrero,Coyuca De Catalan
Guerrero,Cuajinicuilapa
Guerrero,Cualac
Guerrero,Cuautepec
Guerrero,Cuetzala Del Progreso
Guerrero,Cutzamala De Pinzon
Guerrero,Eduardo Neri
Guerrero,Florencio Villarreal
Guerrero,General Canuto A. Neri
Guerrero,General Heliodoro Castillo
Guerrero,Huamuxtitlan
Guerrero,Huitzuco De Los Figueroa
Guerrero,Iguala De La Independencia
Guerrero,Igualapa
Guerrero,Iliatenco
Guerrero,Ixcateopan De Cuauhtemoc
Guerrero,Jose Joaquin De Herrera
Guerrero,Juan R. Escudero
Guerrero,Juchitan
Guerrero,La Union De Isidoro Montes De Oca
Guerrero,Leonardo Bravo
Guerrero,Malinaltepec
Guerrero,Marquelia
Guerrero,Martir De Cuilapan
Guerrero,Metlatonoc
Guerrero,Mochitlan
Guerrero,Olinala
Guerrero,Ometepec
Guerrero,Pedro Ascencio Alquisiras
Guerrero,Petatlan
Guerrero,Pilcaya
Guerrero,Pungarabato
Guerrero,Quechultenango
Guerrero,San Luis Acatlan
Guerrero,San Marcos
Guerrero,San Miguel Totolapan
Guerrero,Taxco De Alarcon
Guerrero,Tecoanapa
Guerrero,Tecpan De Galeana
Guerrero,Teloloapan
Guerrero,Tepecoacuilco De Trujano
Guerrero,Tetipac
Guerrero,Tixtla De Guerrero
Guerrero,Tlacoachistlahuaca
Guerrero,Tlacoapa
Guerrero,Tlalchapa
Guerrero,Tlalixtaquilla De Maldonado
Guerrero,Tlapa De Comonfort
Guerrero,Tlapehuala
Guerrero,Xalpatlahuac
Guerrero,Xochihuehuetlan
Guerrero,Xochistlahuaca
Guerrero,Zapotitlan Tablas
Guerrero,Zihuatanejo De Azueta
Guerrero,Zirandaro
Guerrero,Zitlala
Hidalgo,Acatlan
Hidalgo,Acaxochitlan
Hidalgo,Actopan
Hidalgo,Agua Blanca De Iturbide
Hidalgo,Ajacuba
Hidalgo,Alfajayucan
Hidalgo,Almoloya
Hidalgo,Apan
Hidalgo,Atitalaquia
Hidalgo,Atlapexco
Hidalgo,Atotonilco De Tula
Hidalgo,Atotonilco El Grande
Hidalgo,Calnali
Hidalgo,Cardonal
Hidalgo,Chapantongo
Hidalgo,Chapulhuacan
Hidalgo,Chilcuautla
Hidalgo,Cuautepec De Hinojosa
Hidalgo,El Arenal
Hidalgo,Eloxochitlan
Hidalgo,Emiliano Zapata
Hidalgo,Epazoyucan
Hidalgo,Francisco I. Madero
Hidalgo,Huasca De Ocampo
Hidalgo,Huautla
Hidalgo,Huazalingo
Hidalgo,Huehuetla
Hidalgo,Huejutla De Reyes
Hidalgo,Huichapan
Hidalgo,Ixmiquilpan
Hidalgo,Jacala De Ledezma
Hidalgo,Jaltocan
Hidalgo,Juarez Hidalgo
Hidalgo,La Mision
Hidalgo,Lolotla
Hidalgo,Metepec
Hidalgo,Metztitlan
Hidalgo,Mineral De La Reforma
Hidalgo,Mineral Del Chico
Hidalgo,Mineral Del Monte
Hidalgo,Mixquiahuala De Juarez
Hidalgo,Molango De Escamilla
Hidalgo,Nicolas Flores
Hidalgo,Nopala De Villagran
Hidalgo,Omitlan De Juarez
Hidalgo,Pachuca De Soto
Hidalgo,Pacula
Hidalgo,Pisaflores
Hidalgo,Progreso De Obregon
Hidalgo,San Agustin Metzquititlan
Hidalgo,San Agustin Tlaxiaca
Hidalgo,San Bartolo Tutotepec
Hidalgo,San Felipe Orizatlan
Hidalgo,San Salvador
Hidalgo,Santiago De Anaya
Hidalgo,Santiago Tulantepec De Lugo Guerrero
Hidalgo,Singuilucan
Hidalgo,Tasquillo
Hidalgo,Tecozautla
Hidalgo,Tenango De Doria
Hidalgo,Tepeapulco
Hidalgo,Tepehuacan De Guerrero
Hidalgo,Tepeji Del Rio De Ocampo
Hidalgo,Tepetitlan
Hidalgo,Tetepango
Hidalgo,Tezontepec De Aldama
Hidalgo,Tianguistengo
Hidalgo,Tizayuca
Hidalgo,Tlahuelilpan
Hidalgo,Tlahuiltepa
Hidalgo,Tlanalapa
Hidalgo,Tlanchinol
Hidalgo,Tlaxcoapan
Hidalgo,Tolcayuca
Hidalgo,Tula De Allende
Hidalgo,Tulancingo De Bravo
Hidalgo,Villa De Tezontepec
Hidalgo,Xochiatipan
Hidalgo,Xochicoatlan
Hidalgo,Yahualica
Hidalgo,Zacualtipan De Angeles
Hidalgo,Zapotlan De Juarez
Hidalgo,Zempoala
Hidalgo,Zimapan
Jalisco,Acatic
Jalisco,Acatlan De Juarez
Jalisco,Ahualulco De Mercado
Jalisco,Amacueca
Jalisco,Amatitan
Jalisco,Ameca
Jalisco,Arandas
Jalisco,Atemajac De Brizuela
Jalisco,Atengo
Jalisco,Atenguillo
Jalisco,Atotonilco El Alto
Jalisco,Atoyac
Jalisco,Autlan De Navarro
Jalisco,Ayotlan
Jalisco,Ayutla
Jalisco,Bolanos
Jalisco,Cabo Corrientes
Jalisco,Canadas De Obregon
Jalisco,Casimiro Castillo
Jalisco,Chapala
Jalisco,Chimaltitan
Jalisco,Chiquilistlan
Jalisco,Cihuatlan
Jalisco,Cocula
Jalisco,Colotlan
Jalisco,Concepcion De Buenos Aires
Jalisco,Cuautitlan De Garcia Barragan
Jalisco,Cuautla
Jalisco,Cuquio
Jalisco,Degollado
Jalisco,Ejutla
Jalisco,El Arenal
Jalisco,El Grullo
Jalisco,El Limon
Jalisco,El Salto
Jalisco,Encarnacion De Diaz
Jalisco,Etzatlan
Jalisco,Gomez Farias
Jalisco,Guachinango
Jalisco,Guadalajara
Jalisco,Hostotipaquillo
Jalisco,Huejucar
Jalisco,Huejuquilla El Alto
Jalisco,Ixtlahuacan De Los Membrillos
Jalisco,Ixtlahuacan Del Rio
Jalisco,Jalostotitlan
Jalisco,Jamay
Jalisco,Jesus Maria
Jalisco,Jilotlan De Los Dolores
Jalisco,Jocotepec
Jalisco,Juanacatlan
Jalisco,Juchitlan
Jalisco,La Barca
Jalisco,La Huerta
Jalisco,La Manzanilla De La Paz
Jalisco,Lagos De Moreno
Jalisco,Magdalena
Jalisco,Mascota
Jalisco,Mazamitla
Jalisco,Mexticacan
Jalisco,Mezquitic
Jalisco,Mixtlan
Jalisco,Ocotlan
Jalisco,Ojuelos De Jalisco
Jalisco,Pihuamo
Jalisco,Poncitlan
Jalisco,Puerto Vallarta
Jalisco,Quitupan
Jalisco,San Cristobal De La Barranca
Jalisco,San Diego De Alejandria
Jalisco,San Gabriel
Jalisco,San Ignacio Cerro Gordo
Jalisco,San Juan De Los Lagos
Jalisco,San Juanito De Escobedo
Jalisco,San Julian
Jalisco,San Marcos
Jalisco,San Martin De Bolanos
Jalisco,San Martin Hidalgo
Jalisco,San Miguel El Alto
Jalisco,San Pedro Tlaquepaque
Jalisco,San Sebastian Del Oeste
Jalisco,Santa Maria De Los Angeles
Jalisco,Santa Maria Del Oro
Jalisco,Sayula
Jalisco,Tala
Jalisco,Talpa De Allende
Jalisco,Tamazula De Gordiano
Jalisco,Tapalpa
Jalisco,Tecalitlan
Jalisco,Techaluta De Montenegro
Jalisco,Tecolotlan
Jalisco,Tenamaxtlan
Jalisco,Teocaltiche
Jalisco,Teocuitatlan De Corona
Jalisco,Tepatitlan De Morelos
Jalisco,Tequila
Jalisco,Teuchitlan
Jalisco,Tizapan El Alto
Jalisco,Tlajomulco De Zuniga
Jalisco,Toliman
Jalisco,Tomatlan
Jalisco,Tonala
Jalisco,Tonaya
Jalisco,Tonila
Jalisco,Totatiche
Jalisco,Tototlan
Jalisco,Tuxcacuesco
Jalisco,Tuxcueca
Jalisco,Tuxpan
Jalisco,Union De San Antonio
Jalisco,Union De Tula
Jalisco,Valle De Guadalupe
Jalisco,Valle De Juarez
Jalisco,Villa Corona
Jalisco,Villa Guerrero
Jalisco,Villa Hidalgo
Jalisco,Villa Purificacion
Jalisco,Yahualica De Gonzalez Gallo
Jalisco,Zacoalco De Torres
Jalisco,Zapopan
Jalisco,Zapotiltic
Jalisco,Zapotitlan De Vadillo
Jalisco,Zapotlan Del Rey
Jalisco,Zapotlan El Grande
Jalisco,Zapotlanejo
Michoacan De Ocampo,Acuitzio
Michoacan De Ocampo,Aguililla
Michoacan De Ocampo,Alvaro Obregon
Michoacan De Ocampo,Angamacutiro
Michoacan De Ocampo,Angangueo
Michoacan De Ocampo,Apatzingan
Michoacan De Ocampo,Aporo
Michoacan De Ocampo,Aquila
Michoacan De Ocampo,Ario
Michoacan De Ocampo,Arteaga
Michoacan De Ocampo,Brisenas
Michoacan De Ocampo,Buenavista
Michoacan De Ocampo,Caracuaro
Michoacan De Ocampo,Charapan
Michoacan De Ocampo,Charo
Michoacan De Ocampo,Chavinda
Michoacan De Ocampo,Cheran
Michoacan De Ocampo,Chilchota
Michoacan De Ocampo,Chinicuila
Michoacan De Ocampo,Chucandiro
Michoacan De Ocampo,Churintzio
Michoacan De Ocampo,Churumuco
Michoacan De Ocampo,Coahuayana
Michoacan De Ocampo,Coalcoman De Vazquez Pallares
Michoacan De Ocampo,Coeneo
Michoacan De Ocampo,Cojumatlan De Regules
Michoacan De Ocampo,Contepec
Michoacan De Ocampo,Copandaro
Michoacan De Ocampo,Cotija
Michoacan De Ocampo,Cuitzeo
Michoacan De Ocampo,Ecuandureo
Michoacan De Ocampo,Epitacio Huerta
Michoacan De Ocampo,Erongaricuaro
Michoacan De Ocampo,Gabriel Zamora
Michoacan De Ocampo,Hidalgo
Michoacan De Ocampo,Huandacareo
Michoacan De Ocampo,Huaniqueo
Michoacan De Ocampo,Huetamo
Michoacan De Ocampo,Huiramba
Michoacan De Ocampo,Indaparapeo
Michoacan De Ocampo,Irimbo
Michoacan De Ocampo,Ixtlan
Michoacan De Ocampo,Jacona
Michoacan De Ocampo,Jimenez
Michoacan De Ocampo,Jiquilpan
Michoacan De Ocampo,Jose Sixto Verduzco
Michoacan De Ocampo,Juarez
Michoacan De Ocampo,Jungapeo
Michoacan De Ocampo,La Huacana
Michoacan De Ocampo,La Piedad
Michoacan De Ocampo,Lagunillas
Michoacan De Ocampo,Lazaro Cardenas
Michoacan De Ocampo,Los Reyes
Michoacan De Ocampo,Madero
Michoacan De Ocampo,Maravatio
Michoacan De Ocampo,Marcos Castellanos
Michoacan De Ocampo,Morelia
Michoacan De Ocampo,Morelos
Michoacan De Ocampo,Mugica
Michoacan De Ocampo,Nahuatzen
Michoacan De Ocampo,Nocupetaro
Michoacan De Ocampo,Nuevo Parangaricutiro
Michoacan De Ocampo,Nuevo Urecho
Michoacan De Ocampo,Numaran
Michoacan De Ocampo,Ocampo
Michoacan De Ocampo,Pajacuaran
Michoacan De Ocampo,Panindicuaro
Michoacan De Ocampo,Paracho
Michoacan De Ocampo,Paracuaro
Michoacan De Ocampo,Patzcuaro
Michoacan De Ocampo,Penjamillo
Michoacan De Ocampo,Periban
Michoacan De Ocampo,Purepero
Michoacan De Ocampo,Puruandiro
Michoacan De Ocampo,Querendaro
Michoacan De Ocampo,Quiroga
Michoacan De Ocampo,Sahuayo
Michoacan De Ocampo,Salvador Escalante
Michoacan De Ocampo,San Lucas
Michoacan De Ocampo,Santa Ana Maya
Michoacan De Ocampo,Senguio
Michoacan De Ocampo,Susupuato
Michoacan De Ocampo,Tacambaro
Michoacan De Ocampo,Tancitaro
Michoacan De Ocampo,Tangamandapio
Michoacan De Ocampo,Tangancicuaro
Michoacan De Ocampo,Tanhuato
Michoacan De Ocampo,Taretan
Michoacan De Ocampo,Tarimbaro
Michoacan De Ocampo,Tepalcatepec
Michoacan De Ocampo,Tingambato
Michoacan De Ocampo,Tinguindin
Michoacan De Ocampo,Tiquicheo De Nicolas Romero
Michoacan De Ocampo,Tlalpujahua
Michoacan De Ocampo,Tlazazalca
Michoacan De Ocampo,Tocumbo
Michoacan De Ocampo,Tumbiscatio
Michoacan De Ocampo,Turicato
Michoacan De Ocampo,Tuxpan
Michoacan De Ocampo,Tuzantla
Michoacan De Ocampo,Tzintzuntzan
Michoacan De Ocampo,Tzitzio
Michoacan De Ocampo,Uruapan
Michoacan De Ocampo,Venustiano Carranza
Michoacan De Ocampo,Villamar
Michoacan De Ocampo,Vista Hermosa
Michoacan De Ocampo,Yurecuaro
Michoacan De Ocampo,Zacapu
Michoacan De Ocampo,Zamora
Michoacan De Ocampo,Zinaparo
Michoacan De Ocampo,Zinapecuaro
Michoacan De Ocampo,Ziracuaretiro
Michoacan De Ocampo,Zitacuaro
Morelos,Amacuzac
Morelos,Atlatlahucan
Morelos,Axochiapan
Morelos,Ayala
Morelos,Coatetelco
Morelos,Coatlan Del Rio
Morelos,Cuautla
Morelos,Cuernavaca
Morelos,Emiliano Zapata
Morelos,Huitzilac
Morelos,Jantetelco
Morelos,Jiutepec
Morelos,Jojutla
Morelos,Jonacatepec De Leandro Valle
Morelos,Mazatepec
Morelos,Miacatlan
Morelos,Ocuituco
Morelos,Puente De Ixtla
Morelos,Temixco
Morelos,Temoac
Morelos,Tepalcingo
Morelos,Tepoztlan
Morelos,Tetecala
Morelos,Tetela Del Volcan
Morelos,Tlalnepantla
Morelos,Tlaltizapan De Zapata
Morelos,Tlaquiltenango
Morelos,Tlayacapan
Morelos,Totolapan
Morelos,Xochitepec
Morelos,Xoxocotla
Morelos,Yautepec
Morelos,Yecapixtla
Morelos,Zacatepec
Morelos,Zacualpan De Amilpas
Nayarit,Acaponeta
Nayarit,Ahuacatlan
Nayarit,Amatlan De Canas
Nayarit,Bahia De Banderas
Nayarit,Compostela
Nayarit,Del Nayar
Nayarit,Huajicori
Nayarit,Ixtlan Del Rio
Nayarit,Jala
Nayarit,La Yesca
Nayarit,Rosamorada
Nayarit,Ruiz
Nayarit,San Blas
Nayarit,San Pedro Lagunillas
Nayarit,Santa Maria Del Oro
Nayarit,Santiago Ixcuintla
Nayarit,Tecuala
Nayarit,Tepic
Nayarit,Tuxpan
Nayarit,Xalisco
Nuevo Leon,Abasolo
Nuevo Leon,Agualeguas
Nuevo Leon,Allende
Nuevo Leon,Anahuac
Nuevo Leon,Apodaca
Nuevo Leon,Aramberri
Nuevo Leon,Bustamante
Nuevo Leon,Cadereyta Jimenez
Nuevo Leon,Cerralvo
Nuevo Leon,China
Nuevo Leon,Cienega De Flores
Nuevo Leon,Doctor Arroyo
Nuevo Leon,Doctor Coss
Nuevo Leon,Doctor Gonzalez
Nuevo Leon,El Carmen
Nuevo Leon,Galeana
Nuevo Leon,Garcia
Nuevo Leon,General Bravo
Nuevo Leon,General Escobedo
Nuevo Leon,General Teran
Nuevo Leon,General Trevino
Nuevo Leon,General Zaragoza
Nuevo Leon,General Zuazua
Nuevo Leon,Guadalupe
Nuevo Leon,Hidalgo
Nuevo Leon,Higueras
Nuevo Leon,Hualahuises
Nuevo Leon,Iturbide
Nuevo Leon,Juarez
Nuevo Leon,Lampazos De Naranjo
Nuevo Leon,Linares
Nuevo Leon,Los Aldamas
Nuevo Leon,Los Herreras
Nuevo Leon,Los Ramones
Nuevo Leon,Marin
Nuevo Leon,Melchor Ocampo
Nuevo Leon,Mier Y Noriega
Nuevo Leon,Mina
Nuevo Leon,Montemorelos
Nuevo Leon,Monterrey
Nuevo Leon,Paras
Nuevo Leon,Pesqueria
Nuevo Leon,Rayones
Nuevo Leon,Sabinas Hidalgo
Nuevo Leon,Salinas Victoria
Nuevo Leon,San Nicolas De Los Garza
Nuevo Leon,San Pedro Garza Garcia
Nuevo Leon,Santa Catarina
Nuevo Leon,Santiago
Nuevo Leon,Vallecillo
Nuevo Leon,Villaldama
Oaxaca,Abejones
Oaxaca,Acatlan De Perez Figueroa
Oaxaca,Animas Trujano
Oaxaca,Asuncion Cacalotepec
Oaxaca,Asuncion Cuyotepeji
Oaxaca,Asuncion Ixtaltepec
Oaxaca,Asuncion Nochixtlan
Oaxaca,Asuncion Ocotlan
Oaxaca,Asuncion Tlacolulita
Oaxaca,Ayoquezco De Aldama
Oaxaca,Ayotzintepec
Oaxaca,Calihuala
Oaxaca,Candelaria Loxicha
Oaxaca,Capulalpam De Mendez
Oaxaca,Chahuites
Oaxaca,Chalcatongo De Hidalgo
Oaxaca,Chiquihuitlan De Benito Juarez
Oaxaca,Cienega De Zimatlan
Oaxaca,Ciudad Ixtepec
Oaxaca,Coatecas Altas
Oaxaca,Coicoyan De Las Flores
Oaxaca,Concepcion Buenavista
Oaxaca,Concepcion Papalo
Oaxaca,Constancia Del Rosario
Oaxaca,Cosolapa
Oaxaca,Cosoltepec
Oaxaca,Cuilapam De Guerrero
Oaxaca,Cuyamecalco Villa De Zaragoza
Oaxaca,El Barrio De La Soledad
Oaxaca,El Espinal
Oaxaca,Eloxochitlan De Flores Magon
Oaxaca,Fresnillo De Trujano
Oaxaca,Guadalupe De Ramirez
Oaxaca,Guadalupe Etla
Oaxaca,Guelatao De Juarez
Oaxaca,Guevea De Humboldt
Oaxaca,Heroica Ciudad De Ejutla De Crespo
Oaxaca,Heroica Ciudad De Huajuapan De Leon
Oaxaca,Heroica Ciudad De Juchitan De Zaragoza
Oaxaca,Heroica Ciudad De Tlaxiaco
Oaxaca,"Heroica Villa Tezoatlan De Segura Y Luna, Cuna De La Independencia De Oaxaca"
Oaxaca,Huautepec
Oaxaca,Huautla De Jimenez
Oaxaca,Ixpantepec Nieves
Oaxaca,Ixtlan De Juarez
Oaxaca,La Compania
Oaxaca,La Pe
Oaxaca,La Reforma
Oaxaca,La Trinidad Vista Hermosa
Oaxaca,Loma Bonita
Oaxaca,Magdalena Apazco
Oaxaca,Magdalena Jaltepec
Oaxaca,Magdalena Mixtepec
Oaxaca,Magdalena Ocotlan
Oaxaca,Magdalena Penasco
Oaxaca,Magdalena Teitipac
Oaxaca,Magdalena Tequisistlan
Oaxaca,Magdalena Tlacotepec
Oaxaca,Magdalena Yodocono De Porfirio Diaz
Oaxaca,Magdalena Zahuatlan
Oaxaca,Mariscala De Juarez
Oaxaca,Martires De Tacubaya
Oaxaca,Matias Romero Avendano
Oaxaca,Mazatlan Villa De Flores
Oaxaca,Mesones Hidalgo
Oaxaca,Mixistlan De La Reforma
Oaxaca,Monjas
Oaxaca,Natividad
Oaxaca,Nazareno Etla
Oaxaca,Nejapa De Madero
Oaxaca,Nuevo Zoquiapam
Oaxaca,Oaxaca De Juarez
Oaxaca,Ocotlan De Morelos
Oaxaca,Pinotepa De Don Luis
Oaxaca,Pluma Hidalgo
Oaxaca,Putla Villa De Guerrero
Oaxaca,Reforma De Pineda
Oaxaca,Reyes Etla
Oaxaca,Rojas De Cuauhtemoc
Oaxaca,Salina Cruz
Oaxaca,San Agustin Amatengo
Oaxaca,San Agustin Atenango
Oaxaca,San Agustin Chayuco
Oaxaca,San Agustin De Las Juntas
Oaxaca,San Agustin Etla
Oaxaca,San Agustin Loxicha
Oaxaca,San Agustin Tlacotepec
Oaxaca,San Agustin Yatareni
Oaxaca,San Andres Cabecera Nueva
Oaxaca,San Andres Dinicuiti
Oaxaca,San Andres Huaxpaltepec
Oaxaca,San Andres Huayapam
Oaxaca,San Andres Ixtlahuaca
Oaxaca,San Andres Lagunas
Oaxaca,San Andres Nuxino
Oaxaca,San Andres Paxtlan
Oaxaca,San Andres Sinaxtla
Oaxaca,San Andres Solaga
Oaxaca,San Andres Teotilalpam
Oaxaca,San Andres Tepetlapa
Oaxaca,San Andres Yaa
Oaxaca,San Andres Zabache
Oaxaca,San Andres Zautla
Oaxaca,San Antonino Castillo Velasco
Oaxaca,San Antonino El Alto
Oaxaca,San Antonino Monte Verde
Oaxaca,San Antonio Acutla
Oaxaca,San Antonio De La Cal
Oaxaca,San Antonio Huitepec
Oaxaca,San Antonio Nanahuatipam
Oaxaca,San Antonio Sinicahua
Oaxaca,San Antonio Tepetlapa
Oaxaca,San Baltazar Chichicapam
Oaxaca,San Baltazar Loxicha
Oaxaca,San Baltazar Yatzachi El Bajo
Oaxaca,San Bartolo Coyotepec
Oaxaca,San Bartolo Soyaltepec
Oaxaca,San Bartolo Yautepec
Oaxaca,San Bartolome Ayautla
Oaxaca,San Bartolome Loxicha
Oaxaca,San Bartolome Quialana
Oaxaca,San Bartolome Yucuane
Oaxaca,San Bartolome Zoogocho
Oaxaca,San Bernardo Mixtepec
Oaxaca,San Carlos Yautepec
Oaxaca,San Cristobal Amatlan
Oaxaca,San Cristobal Amoltepec
Oaxaca,San Cristobal Lachirioag
Oaxaca,San Cristobal Suchixtlahuaca
Oaxaca,San Dionisio Del Mar
Oaxaca,San Dionisio Ocotepec
Oaxaca,San Dionisio Ocotlan
Oaxaca,San Esteban Atatlahuca
Oaxaca,San Felipe Jalapa De Diaz
Oaxaca,San Felipe Tejalapam
Oaxaca,San Felipe Usila
Oaxaca,San Francisco Cahuacua
Oaxaca,San Francisco Cajonos
Oaxaca,San Francisco Chapulapa
Oaxaca,San Francisco Chindua
Oaxaca,San Francisco Del Mar
Oaxaca,San Francisco Huehuetlan
Oaxaca,San Francisco Ixhuatan
Oaxaca,San Francisco Jaltepetongo
Oaxaca,San Francisco Lachigolo
Oaxaca,San Francisco Logueche
Oaxaca,San Francisco Nuxano
Oaxaca,San Francisco Ozolotepec
Oaxaca,San Francisco Sola
Oaxaca,San Francisco Telixtlahuaca
Oaxaca,San Francisco Teopan
Oaxaca,San Francisco Tlapancingo
Oaxaca,San Gabriel Mixtepec
Oaxaca,San Ildefonso Amatlan
Oaxaca,San Ildefonso Sola
Oaxaca,San Ildefonso Villa Alta
Oaxaca,San Jacinto Amilpas
Oaxaca,San Jacinto Tlacotepec
Oaxaca,San Jeronimo Coatlan
Oaxaca,San Jeronimo Silacayoapilla
Oaxaca,San Jeronimo Sosola
Oaxaca,San Jeronimo Taviche
Oaxaca,San Jeronimo Tecoatl
Oaxaca,San Jeronimo Tlacochahuaya
Oaxaca,San Jorge Nuchita
Oaxaca,San Jose Ayuquila
Oaxaca,San Jose Chiltepec
Oaxaca,San Jose Del Penasco
Oaxaca,San Jose Del Progreso
Oaxaca,San Jose Estancia Grande
Oaxaca,San Jose Independencia
Oaxaca,San Jose Lachiguiri
Oaxaca,San Jose Tenango
Oaxaca,San Juan Achiutla
Oaxaca,San Juan Atepec
Oaxaca,San Juan Bautista Atatlahuca
Oaxaca,San Juan Bautista Coixtlahuaca
Oaxaca,San Juan Bautista Cuicatlan
Oaxaca,San Juan Bautista Guelache
Oaxaca,San Juan Bautista Jayacatlan
Oaxaca,San Juan Bautista Lo De Soto
Oaxaca,San Juan Bautista Suchitepec
Oaxaca,San Juan Bautista Tlachichilco
Oaxaca,San Juan Bautista Tlacoatzintepec
Oaxaca,San Juan Bautista Tuxtepec
Oaxaca,San Juan Bautista Valle Nacional
Oaxaca,San Juan Cacahuatepec
Oaxaca,San Juan Chicomezuchil
Oaxaca,San Juan Chilateca
Oaxaca,San Juan Cieneguilla
Oaxaca,San Juan Coatzospam
Oaxaca,San Juan Colorado
Oaxaca,San Juan Comaltepec
Oaxaca,San Juan Cotzocon
Oaxaca,San Juan De Los Cues
Oaxaca,San Juan Del Estado
Oaxaca,San Juan Del Rio
Oaxaca,San Juan Diuxi
Oaxaca,San Juan Evangelista Analco
Oaxaca,San Juan Guelavia
Oaxaca,San Juan Guichicovi
Oaxaca,San Juan Ihualtepec
Oaxaca,San Juan Juquila Mixes
Oaxaca,San Juan Juquila Vijanos
Oaxaca,San Juan Lachao
Oaxaca,San Juan Lachigalla
Oaxaca,San Juan Lajarcia
Oaxaca,San Juan Lalana
Oaxaca,San Juan Mazatlan
Oaxaca,San Juan Numi
Oaxaca,San Juan Ozolotepec
Oaxaca,San Juan Petlapa
Oaxaca,San Juan Quiahije
Oaxaca,San Juan Quiotepec
Oaxaca,San Juan Sayultepec
Oaxaca,San Juan Tabaa
Oaxaca,San Juan Tamazola
Oaxaca,San Juan Teita
Oaxaca,San Juan Teitipac
Oaxaca,San Juan Tepeuxila
Oaxaca,San Juan Teposcolula
Oaxaca,San Juan Yaee
Oaxaca,San Juan Yatzona
Oaxaca,San Juan Yucuita
Oaxaca,San Lorenzo
Oaxaca,San Lorenzo Albarradas
Oaxaca,San Lorenzo Cacaotepec
Oaxaca,San Lorenzo Cuaunecuiltitla
Oaxaca,San Lorenzo Texmelucan
Oaxaca,San Lorenzo Victoria
Oaxaca,San Lucas Camotlan
Oaxaca,San Lucas Ojitlan
Oaxaca,San Lucas Quiavini
Oaxaca,San Lucas Zoquiapam
Oaxaca,San Luis Amatlan
Oaxaca,San Marcial Ozolotepec
Oaxaca,San Marcos Arteaga
Oaxaca,San Martin Huamelulpam
Oaxaca,San Martin Itunyoso
Oaxaca,San Martin Lachila
Oaxaca,San Martin Peras
Oaxaca,San Martin Tilcajete
Oaxaca,San Martin Toxpalan
Oaxaca,San Martin Zacatepec
Oaxaca,San Mateo Cajonos
Oaxaca,San Mateo Del Mar
Oaxaca,San Mateo Etlatongo
Oaxaca,San Mateo Nejapam
Oaxaca,San Mateo Penasco
Oaxaca,San Mateo Pinas
Oaxaca,San Mateo Rio Hondo
Oaxaca,San Mateo Sindihui
Oaxaca,San Mateo Tlapiltepec
Oaxaca,San Mateo Yoloxochitlan
Oaxaca,San Mateo Yucutindoo
Oaxaca,San Melchor Betaza
Oaxaca,San Miguel Achiutla
Oaxaca,San Miguel Ahuehuetitlan
Oaxaca,San Miguel Aloapam
Oaxaca,San Miguel Amatitlan
Oaxaca,San Miguel Amatlan
Oaxaca,San Miguel Chicahua
Oaxaca,San Miguel Chimalapa
Oaxaca,San Miguel Coatlan
Oaxaca,San Miguel Del Puerto
Oaxaca,San Miguel Del Rio
Oaxaca,San Miguel Ejutla
Oaxaca,San Miguel El Grande
Oaxaca,San Miguel Huautla
Oaxaca,San Miguel Mixtepec
Oaxaca,San Miguel Panixtlahuaca
Oaxaca,San Miguel Peras
Oaxaca,San Miguel Piedras
Oaxaca,San Miguel Quetzaltepec
Oaxaca,San Miguel Santa Flor
Oaxaca,San Miguel Soyaltepec
Oaxaca,San Miguel Suchixtepec
Oaxaca,San Miguel Tecomatlan
Oaxaca,San Miguel Tenango
Oaxaca,San Miguel Tequixtepec
Oaxaca,San Miguel Tilquiapam
Oaxaca,San Miguel Tlacamama
Oaxaca,San Miguel Tlacotepec
Oaxaca,San Miguel Tulancingo
Oaxaca,San Miguel Yotao
Oaxaca,San Nicolas
Oaxaca,San Nicolas Hidalgo
Oaxaca,San Pablo Coatlan
Oaxaca,San Pablo Cuatro Venados
Oaxaca,San Pablo Etla
Oaxaca,San Pablo Huitzo
Oaxaca,San Pablo Huixtepec
Oaxaca,San Pablo Macuiltianguis
Oaxaca,San Pablo Tijaltepec
Oaxaca,San Pablo Villa De Mitla
Oaxaca,San Pablo Yaganiza
Oaxaca,San Pedro Amuzgos
Oaxaca,San Pedro Apostol
Oaxaca,San Pedro Atoyac
Oaxaca,San Pedro Cajonos
Oaxaca,San Pedro Comitancillo
Oaxaca,San Pedro Coxcaltepec Cantaros
Oaxaca,San Pedro El Alto
Oaxaca,San Pedro Huamelula
Oaxaca,San Pedro Huilotepec
Oaxaca,San Pedro Ixcatlan
Oaxaca,San Pedro Ixtlahuaca
Oaxaca,San Pedro Jaltepetongo
Oaxaca,San Pedro Jicayan
Oaxaca,San Pedro Jocotipac
Oaxaca,San Pedro Juchatengo
Oaxaca,San Pedro Martir
Oaxaca,San Pedro Martir Quiechapa
Oaxaca,San Pedro Martir Yucuxaco
Oaxaca,San Pedro Molinos
Oaxaca,San Pedro Nopala
Oaxaca,San Pedro Ocopetatillo
Oaxaca,San Pedro Ocotepec
Oaxaca,San Pedro Pochutla
Oaxaca,San Pedro Quiatoni
Oaxaca,San Pedro Sochiapam
Oaxaca,San Pedro Tapanatepec
Oaxaca,San Pedro Taviche
Oaxaca,San Pedro Teozacoalco
Oaxaca,San Pedro Teutila
Oaxaca,San Pedro Tidaa
Oaxaca,San Pedro Topiltepec
Oaxaca,San Pedro Totolapam
Oaxaca,San Pedro Y San Pablo Ayutla
Oaxaca,San Pedro Y San Pablo Teposcolula
Oaxaca,San Pedro Y San Pablo Tequixtepec
Oaxaca,San Pedro Yaneri
Oaxaca,San Pedro Yolox
Oaxaca,San Pedro Yucunama
Oaxaca,San Raymundo Jalpan
Oaxaca,San Sebastian Abasolo
Oaxaca,San Sebastian Coatlan
Oaxaca,San Sebastian Ixcapa
Oaxaca,San Sebastian Nicananduta
Oaxaca,San Sebastian Rio Hondo
Oaxaca,San Sebastian Tecomaxtlahuaca
Oaxaca,San Sebastian Teitipac
Oaxaca,San Sebastian Tutla
Oaxaca,San Simon Almolongas
Oaxaca,San Simon Zahuatlan
Oaxaca,San Vicente Coatlan
Oaxaca,San Vicente Lachixio
Oaxaca,San Vicente Nunu
Oaxaca,Santa Ana
Oaxaca,Santa Ana Ateixtlahuaca
Oaxaca,Santa Ana Cuauhtemoc
Oaxaca,Santa Ana Del Valle
Oaxaca,Santa Ana Tavela
Oaxaca,Santa Ana Tlapacoyan
Oaxaca,Santa Ana Yareni
Oaxaca,Santa Ana Zegache
Oaxaca,Santa Catalina Quieri
Oaxaca,Santa Catarina Cuixtla
Oaxaca,Santa Catarina Ixtepeji
Oaxaca,Santa Catarina Juquila
Oaxaca,Santa Catarina Lachatao
Oaxaca,Santa Catarina Loxicha
Oaxaca,Santa Catarina Mechoacan
Oaxaca,Santa Catarina Minas
Oaxaca,Santa Catarina Quiane
Oaxaca,Santa Catarina Quioquitani
Oaxaca,Santa Catarina Tayata
Oaxaca,Santa Catarina Ticua
Oaxaca,Santa Catarina Yosonotu
Oaxaca,Santa Catarina Zapoquila
Oaxaca,Santa Cruz Acatepec
Oaxaca,Santa Cruz Amilpas
Oaxaca,Santa Cruz De Bravo
Oaxaca,Santa Cruz Itundujia
Oaxaca,Santa Cruz Mixtepec
Oaxaca,Santa Cruz Nundaco
Oaxaca,Santa Cruz Papalutla
Oaxaca,Santa Cruz Tacache De Mina
Oaxaca,Santa Cruz Tacahua
Oaxaca,Santa Cruz Tayata
Oaxaca,Santa Cruz Xitla
Oaxaca,Santa Cruz Xoxocotlan
Oaxaca,Santa Cruz Zenzontepec
Oaxaca,Santa Gertrudis
Oaxaca,Santa Ines De Zaragoza
Oaxaca,Santa Ines Del Monte
Oaxaca,Santa Ines Yatzeche
Oaxaca,Santa Lucia Del Camino
Oaxaca,Santa Lucia Miahuatlan
Oaxaca,Santa Lucia Monteverde
Oaxaca,Santa Lucia Ocotlan
Oaxaca,Santa Magdalena Jicotlan
Oaxaca,Santa Maria Alotepec
Oaxaca,Santa Maria Apazco
Oaxaca,Santa Maria Atzompa
Oaxaca,Santa Maria Camotlan
Oaxaca,Santa Maria Chachoapam
Oaxaca,Santa Maria Chilchotla
Oaxaca,Santa Maria Chimalapa
Oaxaca,Santa Maria Colotepec
Oaxaca,Santa Maria Cortijo
Oaxaca,Santa Maria Coyotepec
Oaxaca,Santa Maria Del Rosario
Oaxaca,Santa Maria Del Tule
Oaxaca,Santa Maria Ecatepec
Oaxaca,Santa Maria Guelace
Oaxaca,Santa Maria Guienagati
Oaxaca,Santa Maria Huatulco
Oaxaca,Santa Maria Huazolotitlan
Oaxaca,Santa Maria Ipalapa
Oaxaca,Santa Maria Ixcatlan
Oaxaca,Santa Maria Jacatepec
Oaxaca,Santa Maria Jalapa Del Marques
Oaxaca,Santa Maria Jaltianguis
Oaxaca,Santa Maria La Asuncion
Oaxaca,Santa Maria Lachixio
Oaxaca,Santa Maria Mixtequilla
Oaxaca,Santa Maria Nativitas
Oaxaca,Santa Maria Nduayaco
Oaxaca,Santa Maria Ozolotepec
Oaxaca,Santa Maria Papalo
Oaxaca,Santa Maria Penoles
Oaxaca,Santa Maria Petapa
Oaxaca,Santa Maria Quiegolani
Oaxaca,Santa Maria Sola
Oaxaca,Santa Maria Tataltepec
Oaxaca,Santa Maria Tecomavaca
Oaxaca,Santa Maria Temaxcalapa
Oaxaca,Santa Maria Temaxcaltepec
Oaxaca,Santa Maria Teopoxco
Oaxaca,Santa Maria Tepantlali
Oaxaca,Santa Maria Texcatitlan
Oaxaca,Santa Maria Tlahuitoltepec
Oaxaca,Santa Maria Tlalixtac
Oaxaca,Santa Maria Tonameca
Oaxaca,Santa Maria Totolapilla
Oaxaca,Santa Maria Xadani
Oaxaca,Santa Maria Yalina
Oaxaca,Santa Maria Yavesia
Oaxaca,Santa Maria Yolotepec
Oaxaca,Santa Maria Yosoyua
Oaxaca,Santa Maria Yucuhiti
Oaxaca,Santa Maria Zacatepec
Oaxaca,Santa Maria Zaniza
Oaxaca,Santa Maria Zoquitlan
Oaxaca,Santiago Amoltepec
Oaxaca,Santiago Apoala
Oaxaca,Santiago Apostol
Oaxaca,Santiago Astata
Oaxaca,Santiago Atitlan
Oaxaca,Santiago Ayuquililla
Oaxaca,Santiago Cacaloxtepec
Oaxaca,Santiago Camotlan
Oaxaca,Santiago Choapam
Oaxaca,Santiago Comaltepec
Oaxaca,Santiago Del Rio
Oaxaca,Santiago Huajolotitlan
Oaxaca,Santiago Huauclilla
Oaxaca,Santiago Ihuitlan Plumas
Oaxaca,Santiago Ixcuintepec
Oaxaca,Santiago Ixtayutla
Oaxaca,Santiago Jamiltepec
Oaxaca,Santiago Jocotepec
Oaxaca,Santiago Juxtlahuaca
Oaxaca,Santiago Lachiguiri
Oaxaca,Santiago Lalopa
Oaxaca,Santiago Laollaga
Oaxaca,Santiago Laxopa
Oaxaca,Santiago Llano Grande
Oaxaca,Santiago Matatlan
Oaxaca,Santiago Miltepec
Oaxaca,Santiago Minas
Oaxaca,Santiago Nacaltepec
Oaxaca,Santiago Nejapilla
Oaxaca,Santiago Niltepec
Oaxaca,Santiago Nundiche
Oaxaca,Santiago Nuyoo
Oaxaca,Santiago Pinotepa Nacional
Oaxaca,Santiago Suchilquitongo
Oaxaca,Santiago Tamazola
Oaxaca,Santiago Tapextla
Oaxaca,Santiago Tenango
Oaxaca,Santiago Tepetlapa
Oaxaca,Santiago Tetepec
Oaxaca,Santiago Texcalcingo
Oaxaca,Santiago Textitlan
Oaxaca,Santiago Tilantongo
Oaxaca,Santiago Tillo
Oaxaca,Santiago Tlazoyaltepec
Oaxaca,Santiago Xanica
Oaxaca,Santiago Xiacui
Oaxaca,Santiago Yaitepec
Oaxaca,Santiago Yaveo
Oaxaca,Santiago Yolomecatl
Oaxaca,Santiago Yosondua
Oaxaca,Santiago Yucuyachi
Oaxaca,Santiago Zacatepec
Oaxaca,Santiago Zoochila
Oaxaca,Santo Domingo Albarradas
Oaxaca,Santo Domingo Armenta
Oaxaca,Santo Domingo Chihuitan
Oaxaca,Santo Domingo De Morelos
Oaxaca,Santo Domingo Ingenio
Oaxaca,Santo Domingo Ixcatlan
Oaxaca,Santo Domingo Nuxaa
Oaxaca,Santo Domingo Ozolotepec
Oaxaca,Santo Domingo Petapa
Oaxaca,Santo Domingo Roayaga
Oaxaca,Santo Domingo Tehuantepec
Oaxaca,Santo Domingo Teojomulco
Oaxaca,Santo Domingo Tepuxtepec
Oaxaca,Santo Domingo Tlatayapam
Oaxaca,Santo Domingo Tomaltepec
Oaxaca,Santo Domingo Tonala
Oaxaca,Santo Domingo Xagacia
Oaxaca,Santo Domingo Yanhuitlan
Oaxaca,Santo Domingo Yodohino
Oaxaca,Santo Domingo Zanatepec
Oaxaca,Santo Tomas Jalieza
Oaxaca,Santo Tomas Mazaltepec
Oaxaca,Santo Tomas Ocotepec
Oaxaca,Santo Tomas Tamazulapan
Oaxaca,Santos Reyes Nopala
Oaxaca,Santos Reyes Papalo
Oaxaca,Santos Reyes Tepejillo
Oaxaca,Santos Reyes Yucuna
Oaxaca,Silacayoapam
Oaxaca,Sitio De Xitlapehua
Oaxaca,Soledad Etla
Oaxaca,Tamazulapam Del Espiritu Santo
Oaxaca,Tanetze De Zaragoza
Oaxaca,Taniche
Oaxaca,Tataltepec De Valdes
Oaxaca,Teococuilco De Marcos Perez
Oaxaca,Teotitlan De Flores Magon
Oaxaca,Teotitlan Del Valle
Oaxaca,Teotongo
Oaxaca,Tepelmeme Villa De Morelos
Oaxaca,Tlacolula De Matamoros
Oaxaca,Tlacotepec Plumas
Oaxaca,Tlalixtac De Cabrera
Oaxaca,Totontepec Villa De Morelos
Oaxaca,Trinidad Zaachila
Oaxaca,Union Hidalgo
Oaxaca,Valerio Trujano
Oaxaca,Villa De Chilapa De Diaz
Oaxaca,Villa De Etla
Oaxaca,Villa De Tamazulapam Del Progreso
Oaxaca,Villa De Tututepec
Oaxaca,Villa De Zaachila
Oaxaca,Villa Diaz Ordaz
Oaxaca,Villa Sola De Vega
Oaxaca,Villa Talea De Castro
Oaxaca,Villa Tejupam De La Union
Oaxaca,Yaxe
Oaxaca,Yogana
Oaxaca,Yutanduchi De Guerrero
Oaxaca,Zapotitlan Lagunas
Oaxaca,Zapotitlan Palmas
Oaxaca,Zimatlan De Alvarez
Puebla,Acajete
Puebla,Acateno
Puebla,Acatlan
Puebla,Acatzingo
Puebla,Acteopan
Puebla,Ahuacatlan
Puebla,Ahuatlan
Puebla,Ahuazotepec
Puebla,Ahuehuetitla
Puebla,Ajalpan
Puebla,Albino Zertuche
Puebla,Aljojuca
Puebla,Altepexi
Puebla,Amixtlan
Puebla,Amozoc
Puebla,Aquixtla
Puebla,Atempan
Puebla,Atexcal
Puebla,Atlequizayan
Puebla,Atlixco
Puebla,Atoyatempan
Puebla,Atzala
Puebla,Atzitzihuacan
Puebla,Atzitzintla
Puebla,Axutla
Puebla,Ayotoxco De Guerrero
Puebla,Calpan
Puebla,Caltepec
Puebla,Camocuautla
Puebla,Canada Morelos
Puebla,Caxhuacan
Puebla,Chalchicomula De Sesma
Puebla,Chapulco
Puebla,Chiautla
Puebla,Chiautzingo
Puebla,Chichiquila
Puebla,Chiconcuautla
Puebla,Chietla
Puebla,Chigmecatitlan
Puebla,Chignahuapan
Puebla,Chignautla
Puebla,Chila
Puebla,Chila De La Sal
Puebla,Chilchotla
Puebla,Chinantla
Puebla,Coatepec
Puebla,Coatzingo
Puebla,Cohetzala
Puebla,Cohuecan
Puebla,Coronango
Puebla,Coxcatlan
Puebla,Coyomeapan
Puebla,Coyotepec
Puebla,Cuapiaxtla De Madero
Puebla,Cuautempan
Puebla,Cuautinchan
Puebla,Cuautlancingo
Puebla,Cuayuca De Andrade
Puebla,Cuetzalan Del Progreso
Puebla,Cuyoaco
Puebla,Domingo Arenas
Puebla,Eloxochitlan
Puebla,Epatlan
Puebla,Esperanza
Puebla,Francisco Z. Mena
Puebla,General Felipe Angeles
Puebla,Guadalupe
Puebla,Guadalupe Victoria
Puebla,Hermenegildo Galeana
Puebla,Honey
Puebla,Huaquechula
Puebla,Huatlatlauca
Puebla,Huauchinango
Puebla,Huehuetla
Puebla,Huehuetlan El Chico
Puebla,Huehuetlan El Grande
Puebla,Huejotzingo
Puebla,Hueyapan
Puebla,Hueytamalco
Puebla,Hueytlalpan
Puebla,Huitzilan De Serdan
Puebla,Huitziltepec
Puebla,Ixcamilpa De Guerrero
Puebla,Ixcaquixtla
Puebla,Ixtacamaxtitlan
Puebla,Ixtepec
Puebla,Izucar De Matamoros
Puebla,Jalpan
Puebla,Jolalpan
Puebla,Jonotla
Puebla,Jopala
Puebla,Juan C. Bonilla
Puebla,Juan Galindo
Puebla,Juan N. Mendez
Puebla,La Magdalena Tlatlauquitepec
Puebla,Lafragua
Puebla,Libres
Puebla,Los Reyes De Juarez
Puebla,Mazapiltepec De Juarez
Puebla,Mixtla
Puebla,Molcaxac
Puebla,Naupan
Puebla,Nauzontla
Puebla,Nealtican
Puebla,Nicolas Bravo
Puebla,Nopalucan
Puebla,Ocotepec
Puebla,Ocoyucan
Puebla,Olintla
Puebla,Oriental
Puebla,Pahuatlan
Puebla,Palmar De Bravo
Puebla,Pantepec
Puebla,Petlalcingo
Puebla,Piaxtla
Puebla,Puebla
Puebla,Quecholac
Puebla,Quimixtlan
Puebla,Rafael Lara Grajales
Puebla,San Andres Cholula
Puebla,San Antonio Canada
Puebla,San Diego La Mesa Tochimiltzingo
Puebla,San Felipe Teotlalcingo
Puebla,San Felipe Tepatlan
Puebla,San Gabriel Chilac
Puebla,San Gregorio Atzompa
Puebla,San Jeronimo Tecuanipan
Puebla,San Jeronimo Xayacatlan
Puebla,San Jose Chiapa
Puebla,San Jose Miahuatlan
Puebla,San Juan Atenco
Puebla,San Juan Atzompa
Puebla,San Martin Texmelucan
Puebla,San Martin Totoltepec
Puebla,San Matias Tlalancaleca
Puebla,San Miguel Ixitlan
Puebla,San Miguel Xoxtla
Puebla,San Nicolas Buenos Aires
Puebla,San Nicolas De Los Ranchos
Puebla,San Pablo Anicano
Puebla,San Pedro Cholula
Puebla,San Pedro Yeloixtlahuaca
Puebla,San Salvador El Seco
Puebla,San Salvador El Verde
Puebla,San Salvador Huixcolotla
Puebla,San Sebastian Tlacotepec
Puebla,Santa Catarina Tlaltempan
Puebla,Santa Ines Ahuatempan
Puebla,Santa Isabel Cholula
Puebla,Santiago Miahuatlan
Puebla,Santo Tomas Hueyotlipan
Puebla,Soltepec
Puebla,Tecali De Herrera
Puebla,Tecamachalco
Puebla,Tecomatlan
Puebla,Tehuacan
Puebla,Tehuitzingo
Puebla,Tenampulco
Puebla,Teopantlan
Puebla,Teotlalco
Puebla,Tepanco De Lopez
Puebla,Tepango De Rodriguez
Puebla,Tepatlaxco De Hidalgo
Puebla,Tepeaca
Puebla,Tepemaxalco
Puebla,Tepeojuma
Puebla,Tepetzintla
Puebla,Tepexco
Puebla,Tepexi De Rodriguez
Puebla,Tepeyahualco
Puebla,Tepeyahualco De Cuauhtemoc
Puebla,Tetela De Ocampo
Puebla,Teteles De Avila Castillo
Puebla,Teziutlan
Puebla,Tianguismanalco
Puebla,Tilapa
Puebla,Tlachichuca
Puebla,Tlacotepec De Benito Juarez
Puebla,Tlacuilotepec
Puebla,Tlahuapan
Puebla,Tlaltenango
Puebla,Tlanepantla
Puebla,Tlaola
Puebla,Tlapacoya
Puebla,Tlapanala
Puebla,Tlatlauquitepec
Puebla,Tlaxco
Puebla,Tochimilco
Puebla,Tochtepec
Puebla,Totoltepec De Guerrero
Puebla,Tulcingo
Puebla,Tuzamapan De Galeana
Puebla,Tzicatlacoyan
Puebla,Venustiano Carranza
Puebla,Vicente Guerrero
Puebla,Xayacatlan De Bravo
Puebla,Xicotepec
Puebla,Xicotlan
Puebla,Xiutetelco
Puebla,Xochiapulco
Puebla,Xochiltepec
Puebla,Xochitlan De Vicente Suarez
Puebla,Xochitlan Todos Santos
Puebla,Yaonahuac
Puebla,Yehualtepec
Puebla,Zacapala
Puebla,Zacapoaxtla
Puebla,Zacatlan
Puebla,Zapotitlan
Puebla,Zapotitlan De Mendez
Puebla,Zaragoza
Puebla,Zautla
Puebla,Zihuateutla
Puebla,Zinacatepec
Puebla,Zongozotla
Puebla,Zoquiapan
Puebla,Zoquitlan
Queretaro,Amealco De Bonfil
Queretaro,Arroyo Seco
Queretaro,Cadereyta De Montes
Queretaro,Colon
Queretaro,Corregidora
Queretaro,El Marques
Queretaro,Ezequiel Montes
Queretaro,Huimilpan
Queretaro,Jalpan De Serra
Queretaro,Landa De Matamoros
Queretaro,Pedro Escobedo
Queretaro,Penamiller
Queretaro,Pinal De Amoles
Queretaro,Queretaro
Queretaro,San Joaquin
Queretaro,San Juan Del Rio
Queretaro,Tequisquiapan
Queretaro,Toliman
Quintana Roo,Bacalar
Quintana Roo,Benito Juarez
Quintana Roo,Cozumel
Quintana Roo,Felipe Carrillo Puerto
Quintana Roo,Isla Mujeres
Quintana Roo,Jose Maria Morelos
Quintana Roo,Lazaro Cardenas
Quintana Roo,Othon P. Blanco
Quintana Roo,Playa Del Carmen
Quintana Roo,Puerto Morelos
Quintana Roo,Tulum
San Luis Potosi,Alaquines
San Luis Potosi,Aquismon
San Luis Potosi,Armadillo De Los Infante
San Luis Potosi,Axtla De Terrazas
San Luis Potosi,Cardenas
San Luis Potosi,Catorce
San Luis Potosi,Cedral
San Luis Potosi,Cerritos
San Luis Potosi,Cerro De San Pedro
San Luis Potosi,Charcas
San Luis Potosi,Ciudad Del Maiz
San Luis Potosi,Ciudad Fernandez
San Luis Potosi,Ciudad Valles
San Luis Potosi,Coxcatlan
San Luis Potosi,Ebano
San Luis Potosi,El Naranjo
San Luis Potosi,Guadalcazar
San Luis Potosi,Huehuetlan
San Luis Potosi,Lagunillas
San Luis Potosi,Matehuala
San Luis Potosi,Matlapa
San Luis Potosi,Mexquitic De Carmona
San Luis Potosi,Moctezuma
San Luis Potosi,Rayon
San Luis Potosi,Rioverde
San Luis Potosi,Salinas
San Luis Potosi,San Antonio
San Luis Potosi,San Ciro De Acosta
San Luis Potosi,San Luis Potosi
San Luis Potosi,San Martin Chalchicuautla
San Luis Potosi,San Nicolas Tolentino
San Luis Potosi,San Vicente Tancuayalab
San Luis Potosi,Santa Catarina
San Luis Potosi,Santa Maria Del Rio
San Luis Potosi,Santo Domingo
San Luis Potosi,Soledad De Graciano Sanchez
San Luis Potosi,Tamasopo
San Luis Potosi,Tamazunchale
San Luis Potosi,Tampacan
San Luis Potosi,Tampamolon Corona
San Luis Potosi,Tamuin
San Luis Potosi,Tancanhuitz
San Luis Potosi,Tanlajas
San Luis Potosi,Tanquian De Escobedo
San Luis Potosi,Tierra Nueva
San Luis Potosi,Vanegas
San Luis Potosi,Venado
San Luis Potosi,Villa De Arista
San Luis Potosi,Villa De Arriaga
San Luis Potosi,Villa De Guadalupe
San Luis Potosi,Villa De La Paz
San Luis Potosi,Villa De Ramos
San Luis Potosi,Villa De Reyes
San Luis Potosi,Villa Hidalgo
San Luis Potosi,Villa Juarez
San Luis Potosi,Xilitla
San Luis Potosi,Zaragoza
Sinaloa,Ahome
Sinaloa,Angostura
Sinaloa,Badiraguato
Sinaloa,Choix
Sinaloa,Concordia
Sinaloa,Cosala
Sinaloa,Culiacan
Sinaloa,El Fuerte
Sinaloa,Elota
Sinaloa,Escuinapa
Sinaloa,Guasave
Sinaloa,Mazatlan
Sinaloa,Mocorito
Sinaloa,Navolato
Sinaloa,Rosario
Sinaloa,Salvador Alvarado
Sinaloa,San Ignacio
Sinaloa,Sinaloa
Sonora,Aconchi
Sonora,Agua Prieta
Sonora,Alamos
Sonora,Altar
Sonora,Arivechi
Sonora,Arizpe
Sonora,Atil
Sonora,Bacadehuachi
Sonora,Bacanora
Sonora,Bacerac
Sonora,Bacoachi
Sonora,Bacum
Sonora,Banamichi
Sonora,Baviacora
Sonora,Bavispe
Sonora,Benito Juarez
Sonora,Benjamin Hill
Sonora,Caborca
Sonora,Cajeme
Sonora,Cananea
Sonora,Carbo
Sonora,Cucurpe
Sonora,Cumpas
Sonora,Divisaderos
Sonora,Empalme
Sonora,Etchojoa
Sonora,Fronteras
Sonora,General Plutarco Elias Calles
Sonora,Granados
Sonora,Guaymas
Sonora,Hermosillo
Sonora,Huachinera
Sonora,Huasabas
Sonora,Huatabampo
Sonora,Huepac
Sonora,Imuris
Sonora,La Colorada
Sonora,Magdalena
Sonora,Mazatan
Sonora,Moctezuma
Sonora,Naco
Sonora,Nacori Chico
Sonora,Nacozari De Garcia
Sonora,Navojoa
Sonora,Nogales
Sonora,Onavas
Sonora,Opodepe
Sonora,Oquitoa
Sonora,Pitiquito
Sonora,Puerto Penasco
Sonora,Quiriego
Sonora,Rayon
Sonora,Rosario
Sonora,Sahuaripa
Sonora,San Felipe De Jesus
Sonora,San Ignacio Rio Muerto
Sonora,San Javier
Sonora,San Luis Rio Colorado
Sonora,San Miguel De Horcasitas
Sonora,San Pedro De La Cueva
Sonora,Santa Ana
Sonora,Santa Cruz
Sonora,Saric
Sonora,Soyopa
Sonora,Suaqui Grande
Sonora,Tepache
Sonora,Trincheras
Sonora,Tubutama
Sonora,Ures
Sonora,Villa Hidalgo
Sonora,Villa Pesqueira
Sonora,Yecora
Tabasco,Balancan
Tabasco,Cardenas
Tabasco,Centla
Tabasco,Centro
Tabasco,Comalcalco
Tabasco,Cunduacan
Tabasco,Emiliano Zapata
Tabasco,Huimanguillo
Tabasco,Jalapa
Tabasco,Jalpa De Mendez
Tabasco,Jonuta
Tabasco,Macuspana
Tabasco,Nacajuca
Tabasco,Paraiso
Tabasco,Tacotalpa
Tabasco,Teapa
Tabasco,Tenosique
Tamaulipas,Abasolo
Tamaulipas,Aldama
Tamaulipas,Altamira
Tamaulipas,Antiguo Morelos
Tamaulipas,Burgos
Tamaulipas,Bustamante
Tamaulipas,Camargo
Tamaulipas,Casas
Tamaulipas,Ciudad Madero
Tamaulipas,Cruillas
Tamaulipas,El Mante
Tamaulipas,Gomez Farias
Tamaulipas,Gonzalez
Tamaulipas,Guemez
Tamaulipas,Guerrero
Tamaulipas,Gustavo Diaz Ordaz
Tamaulipas,Hidalgo
Tamaulipas,Jaumave
Tamaulipas,Jimenez
Tamaulipas,Llera
Tamaulipas,Mainero
Tamaulipas,Matamoros
Tamaulipas,Mendez
Tamaulipas,Mier
Tamaulipas,Miguel Aleman
Tamaulipas,Miquihuana
Tamaulipas,Nuevo Laredo
Tamaulipas,Nuevo Morelos
Tamaulipas,Ocampo
Tamaulipas,Padilla
Tamaulipas,Palmillas
Tamaulipas,Reynosa
Tamaulipas,Rio Bravo
Tamaulipas,San Carlos
Tamaulipas,San Fernando
Tamaulipas,San Nicolas
Tamaulipas,Soto La Marina
Tamaulipas,Tampico
Tamaulipas,Tula
Tamaulipas,Valle Hermoso
Tamaulipas,Victoria
Tamaulipas,Villagran
Tamaulipas,Xicotencatl
Tlaxcala,Acuamanala De Miguel Hidalgo
Tlaxcala,Amaxac De Guerrero
Tlaxcala,Apetatitlan De Antonio Carvajal
Tlaxcala,Apizaco
Tlaxcala,Atlangatepec
Tlaxcala,Atltzayanca
Tlaxcala,Benito Juarez
Tlaxcala,Calpulalpan
Tlaxcala,Chiautempan
Tlaxcala,Contla De Juan Cuamatzi
Tlaxcala,Cuapiaxtla
Tlaxcala,Cuaxomulco
Tlaxcala,El Carmen Tequexquitla
Tlaxcala,Emiliano Zapata
Tlaxcala,Espanita
Tlaxcala,Huamantla
Tlaxcala,Hueyotlipan
Tlaxcala,Ixtacuixtla De Mariano Matamoros
Tlaxcala,Ixtenco
Tlaxcala,La Magdalena Tlaltelulco
Tlaxcala,Lazaro Cardenas
Tlaxcala,Mazatecochco De Jose Maria Morelos
Tlaxcala,Munoz De Domingo Arenas
Tlaxcala,Nanacamilpa De Mariano Arista
Tlaxcala,Nativitas
Tlaxcala,Panotla
Tlaxcala,Papalotla De Xicohtencatl
Tlaxcala,San Damian Texoloc
Tlaxcala,San Francisco Tetlanohcan
Tlaxcala,San Jeronimo Zacualpan
Tlaxcala,San Jose Teacalco
Tlaxcala,San Juan Huactzinco
Tlaxcala,San Lorenzo Axocomanitla
Tlaxcala,San Lucas Tecopilco
Tlaxcala,San Pablo Del Monte
Tlaxcala,Sanctorum De Lazaro Cardenas
Tlaxcala,Santa Ana Nopalucan
Tlaxcala,Santa Apolonia Teacalco
Tlaxcala,Santa Catarina Ayometla
Tlaxcala,Santa Cruz Quilehtla
Tlaxcala,Santa Cruz Tlaxcala
Tlaxcala,Santa Isabel Xiloxoxtla
Tlaxcala,Tenancingo
Tlaxcala,Teolocholco
Tlaxcala,Tepetitla De Lardizabal
Tlaxcala,Tepeyanco
Tlaxcala,Terrenate
Tlaxcala,Tetla De La Solidaridad
Tlaxcala,Tetlatlahuca
Tlaxcala,Tlaxcala
Tlaxcala,Tlaxco
Tlaxcala,Tocatlan
Tlaxcala,Totolac
Tlaxcala,Tzompantepec
Tlaxcala,Xaloztoc
Tlaxcala,Xaltocan
Tlaxcala,Xicohtzinco
Tlaxcala,Yauhquemehcan
Tlaxcala,Zacatelco
Tlaxcala,Ziltlaltepec De Trinidad Sanchez Santos
Veracruz De Ignacio De La Llave,Acajete
Veracruz De Ignacio De La Llave,Acatlan
Veracruz De Ignacio De La Llave,Acayucan
Veracruz De Ignacio De La Llave,Actopan
Veracruz De Ignacio De La Llave,Acula
Veracruz De Ignacio De La Llave,Acultzingo
Veracruz De Ignacio De La Llave,Agua Dulce
Veracruz De Ignacio De La Llave,Alamo Temapache
Veracruz De Ignacio De La Llave,Alpatlahuac
Veracruz De Ignacio De La Llave,Alto Lucero De Gutierrez Barrios
Veracruz De Ignacio De La Llave,Altotonga
Veracruz De Ignacio De La Llave,Alvarado
Veracruz De Ignacio De La Llave,Amatitlan
Veracruz De Ignacio De La Llave,Amatlan De Los Reyes
Veracruz De Ignacio De La Llave,Angel R. Cabada
Veracruz De Ignacio De La Llave,Apazapan
Veracruz De Ignacio De La Llave,Aquila
Veracruz De Ignacio De La Llave,Astacinga
Veracruz De Ignacio De La Llave,Atlahuilco
Veracruz De Ignacio De La Llave,Atoyac
Veracruz De Ignacio De La Llave,Atzacan
Veracruz De Ignacio De La Llave,Atzalan
Veracruz De Ignacio De La Llave,Ayahualulco
Veracruz De Ignacio De La Llave,Banderilla
Veracruz De Ignacio De La Llave,Benito Juarez
Veracruz De Ignacio De La Llave,Boca Del Rio
Veracruz De Ignacio De La Llave,Calcahualco
Veracruz De Ignacio De La Llave,Camaron De Tejeda
Veracruz De Ignacio De La Llave,Camerino Z. Mendoza
Veracruz De Ignacio De La Llave,Carlos A. Carrillo
Veracruz De Ignacio De La Llave,Carrillo Puerto
Veracruz De Ignacio De La Llave,Castillo De Teayo
Veracruz De Ignacio De La Llave,Catemaco
Veracruz De Ignacio De La Llave,Cazones De Herrera
Veracruz De Ignacio De La Llave,Cerro Azul
Veracruz De Ignacio De La Llave,Chacaltianguis
Veracruz De Ignacio De La Llave,Chalma
Veracruz De Ignacio De La Llave,Chiconamel
Veracruz De Ignacio De La Llave,Chiconquiaco
Veracruz De Ignacio De La Llave,Chicontepec
Veracruz De Ignacio De La Llave,Chinameca
Veracruz De Ignacio De La Llave,Chinampa De Gorostiza
Veracruz De Ignacio De La Llave,Chocaman
Veracruz De Ignacio De La Llave,Chontla
Veracruz De Ignacio De La Llave,Chumatlan
Veracruz De Ignacio De La Llave,Citlaltepetl
Veracruz De Ignacio De La Llave,Coacoatzintla
Veracruz De Ignacio De La Llave,Coahuitlan
Veracruz De Ignacio De La Llave,Coatepec
Veracruz De Ignacio De La Llave,Coatzacoalcos
Veracruz De Ignacio De La Llave,Coatzintla
Veracruz De Ignacio De La Llave,Coetzala
Veracruz De Ignacio De La Llave,Colipa
Veracruz De Ignacio De La Llave,Comapa
Veracruz De Ignacio De La Llave,Cordoba
Veracruz De Ignacio De La Llave,Cosamaloapan De Carpio
Veracruz De Ignacio De La Llave,Cosautlan De Carvajal
Veracruz De Ignacio De La Llave,Coscomatepec
Veracruz De Ignacio De La Llave,Cosoleacaque
Veracruz De Ignacio De La Llave,Cotaxtla
Veracruz De Ignacio De La Llave,Coxquihui
Veracruz De Ignacio De La Llave,Coyutla
Veracruz De Ignacio De La Llave,Cuichapa
Veracruz De Ignacio De La Llave,Cuitlahuac
Veracruz De Ignacio De La Llave,El Higo
Veracruz De Ignacio De La Llave,Emiliano Zapata
Veracruz De Ignacio De La Llave,Espinal
Veracruz De Ignacio De La Llave,Filomeno Mata
Veracruz De Ignacio De La Llave,Fortin
Veracruz De Ignacio De La Llave,Gutierrez Zamora
Veracruz De Ignacio De La Llave,Hidalgotitlan
Veracruz De Ignacio De La Llave,Huatusco
Veracruz De Ignacio De La Llave,Huayacocotla
Veracruz De Ignacio De La Llave,Hueyapan De Ocampo
Veracruz De Ignacio De La Llave,Huiloapan De Cuauhtemoc
Veracruz De Ignacio De La Llave,Ignacio De La Llave
Veracruz De Ignacio De La Llave,Ilamatlan
Veracruz De Ignacio De La Llave,Isla
Veracruz De Ignacio De La Llave,Ixcatepec
Veracruz De Ignacio De La Llave,Ixhuacan De Los Reyes
Veracruz De Ignacio De La Llave,Ixhuatlan De Madero
Veracruz De Ignacio De La Llave,Ixhuatlan Del Cafe
Veracruz De Ignacio De La Llave,Ixhuatlan Del Sureste
Veracruz De Ignacio De La Llave,Ixhuatlancillo
Veracruz De Ignacio De La Llave,Ixmatlahuacan
Veracruz De Ignacio De La Llave,Ixtaczoquitlan
Veracruz De Ignacio De La Llave,Jalacingo
Veracruz De Ignacio De La Llave,Jalcomulco
Veracruz De Ignacio De La Llave,Jaltipan
Veracruz De Ignacio De La Llave,Jamapa
Veracruz De Ignacio De La Llave,Jesus Carranza
Veracruz De Ignacio De La Llave,Jilotepec
Veracruz De Ignacio De La Llave,Jose Azueta
Veracruz De Ignacio De La Llave,Juan Rodriguez Clara
Veracruz De Ignacio De La Llave,Juchique De Ferrer
Veracruz De Ignacio De La Llave,La Antigua
Veracruz De Ignacio De La Llave,La Perla
Veracruz De Ignacio De La Llave,Landero Y Coss
Veracruz De Ignacio De La Llave,Las Choapas
Veracruz De Ignacio De La Llave,Las Minas
Veracruz De Ignacio De La Llave,Las Vigas De Ramirez
Veracruz De Ignacio De La Llave,Lerdo De Tejada
Veracruz De Ignacio De La Llave,Los Reyes
Veracruz De Ignacio De La Llave,Magdalena
Veracruz De Ignacio De La Llave,Maltrata
Veracruz De Ignacio De La Llave,Manlio Fabio Altamirano
Veracruz De Ignacio De La Llave,Mariano Escobedo
Veracruz De Ignacio De La Llave,Martinez De La Torre
Veracruz De Ignacio De La Llave,Mecatlan
Veracruz De Ignacio De La Llave,Mecayapan
Veracruz De Ignacio De La Llave,Medellin De Bravo
Veracruz De Ignacio De La Llave,Miahuatlan
Veracruz De Ignacio De La Llave,Minatitlan
Veracruz De Ignacio De La Llave,Misantla
Veracruz De Ignacio De La Llave,Mixtla De Altamirano
Veracruz De Ignacio De La Llave,Moloacan
Veracruz De Ignacio De La Llave,Nanchital De Lazaro Cardenas Del Rio
Veracruz De Ignacio De La Llave,Naolinco
Veracruz De Ignacio De La Llave,Naranjal
Veracruz De Ignacio De La Llave,Naranjos Amatlan
Veracruz De Ignacio De La Llave,Nautla
Veracruz De Ignacio De La Llave,Nogales
Veracruz De Ignacio De La Llave,Oluta
Veracruz De Ignacio De La Llave,Omealca
Veracruz De Ignacio De La Llave,Orizaba
Veracruz De Ignacio De La Llave,Otatitlan
Veracruz De Ignacio De La Llave,Oteapan
Veracruz De Ignacio De La Llave,Ozuluama De Mascarenas
Veracruz De Ignacio De La Llave,Pajapan
Veracruz De Ignacio De La Llave,Panuco
Veracruz De Ignacio De La Llave,Papantla
Veracruz De Ignacio De La Llave,Paso De Ovejas
Veracruz De Ignacio De La Llave,Paso Del Macho
Veracruz De Ignacio De La Llave,Perote
Veracruz De Ignacio De La Llave,Platon Sanchez
Veracruz De Ignacio De La Llave,Playa Vicente
Veracruz De Ignacio De La Llave,Poza Rica De Hidalgo
Veracruz De Ignacio De La Llave,Pueblo Viejo
Veracruz De Ignacio De La Llave,Puente Nacional
Veracruz De Ignacio De La Llave,Rafael Delgado
Veracruz De Ignacio De La Llave,Rafael Lucio
Veracruz De Ignacio De La Llave,Rio Blanco
Veracruz De Ignacio De La Llave,Saltabarranca
Veracruz De Ignacio De La Llave,San Andres Tenejapan
Veracruz De Ignacio De La Llave,San Andres Tuxtla
Veracruz De Ignacio De La Llave,San Juan Evangelista
Veracruz De Ignacio De La Llave,San Rafael
Veracruz De Ignacio De La Llave,Santiago Sochiapan
Veracruz De Ignacio De La Llave,Santiago Tuxtla
Veracruz De Ignacio De La Llave,Sayula De Aleman
Veracruz De Ignacio De La Llave,Sochiapa
Veracruz De Ignacio De La Llave,Soconusco
Veracruz De Ignacio De La Llave,Soledad Atzompa
Veracruz De Ignacio De La Llave,Soledad De Doblado
Veracruz De Ignacio De La Llave,Soteapan
Veracruz De Ignacio De La Llave,Tamalin
Veracruz De Ignacio De La Llave,Tamiahua
Veracruz De Ignacio De La Llave,Tampico Alto
Veracruz De Ignacio De La Llave,Tancoco
Veracruz De Ignacio De La Llave,Tantima
Veracruz De Ignacio De La Llave,Tantoyuca
Veracruz De Ignacio De La Llave,Tatahuicapan De Juarez
Veracruz De Ignacio De La Llave,Tatatila
Veracruz De Ignacio De La Llave,Tecolutla
Veracruz De Ignacio De La Llave,Tehuipango
Veracruz De Ignacio De La Llave,Tempoal
Veracruz De Ignacio De La Llave,Tenampa
Veracruz De Ignacio De La Llave,Tenochtitlan
Veracruz De Ignacio De La Llave,Teocelo
Veracruz De Ignacio De La Llave,Tepatlaxco
Veracruz De Ignacio De La Llave,Tepetlan
Veracruz De Ignacio De La Llave,Tepetzintla
Veracruz De Ignacio De La Llave,Tequila
Veracruz De Ignacio De La Llave,Texcatepec
Veracruz De Ignacio De La Llave,Texhuacan
Veracruz De Ignacio De La Llave,Texistepec
Veracruz De Ignacio De La Llave,Tezonapa
Veracruz De Ignacio De La Llave,Tierra Blanca
Veracruz De Ignacio De La Llave,Tihuatlan
Veracruz De Ignacio De La Llave,Tlachichilco
Veracruz De Ignacio De La Llave,Tlacojalpan
Veracruz De Ignacio De La Llave,Tlacolulan
Veracruz De Ignacio De La Llave,Tlacotalpan
Veracruz De Ignacio De La Llave,Tlacotepec De Mejia
Veracruz De Ignacio De La Llave,Tlalixcoyan
Veracruz De Ignacio De La Llave,Tlalnelhuayocan
Veracruz De Ignacio De La Llave,Tlaltetela
Veracruz De Ignacio De La Llave,Tlapacoyan
Veracruz De Ignacio De La Llave,Tlaquilpa
Veracruz De Ignacio De La Llave,Tlilapan
Veracruz De Ignacio De La Llave,Tomatlan
Veracruz De Ignacio De La Llave,Tonayan
Veracruz De Ignacio De La Llave,Totutla
Veracruz De Ignacio De La Llave,Tres Valles
Veracruz De Ignacio De La Llave,Tuxpan
Veracruz De Ignacio De La Llave,Tuxtilla
Veracruz De Ignacio De La Llave,Ursulo Galvan
Veracruz De Ignacio De La Llave,Uxpanapa
Veracruz De Ignacio De La Llave,Vega De Alatorre
Veracruz De Ignacio De La Llave,Veracruz
Veracruz De Ignacio De La Llave,Villa Aldama
Veracruz De Ignacio De La Llave,Xalapa
Veracruz De Ignacio De La Llave,Xico
Veracruz De Ignacio De La Llave,Xoxocotla
Veracruz De Ignacio De La Llave,Yanga
Veracruz De Ignacio De La Llave,Yecuatla
Veracruz De Ignacio De La Llave,Zacualpan
Veracruz De Ignacio De La Llave,Zaragoza
Veracruz De Ignacio De La Llave,Zentla
Veracruz De Ignacio De La Llave,Zongolica
Veracruz De Ignacio De La Llave,Zontecomatlan De Lopez Y Fuentes
Veracruz De Ignacio De La Llave,Zozocolco De Hidalgo
Yucatan,Abala
Yucatan,Acanceh
Yucatan,Akil
Yucatan,Baca
Yucatan,Bokoba
Yucatan,Buctzotz
Yucatan,Cacalchen
Yucatan,Calotmul
Yucatan,Cansahcab
Yucatan,Cantamayec
Yucatan,Celestun
Yucatan,Cenotillo
Yucatan,Chacsinkin
Yucatan,Chankom
Yucatan,Chapab
Yucatan,Chemax
Yucatan,Chichimila
Yucatan,Chicxulub Pueblo
Yucatan,Chikindzonot
Yucatan,Chochola
Yucatan,Chumayel
Yucatan,Conkal
Yucatan,Cuncunul
Yucatan,Cuzama
Yucatan,Dzan
Yucatan,Dzemul
Yucatan,Dzidzantun
Yucatan,Dzilam De Bravo
Yucatan,Dzilam Gonzalez
Yucatan,Dzitas
Yucatan,Dzoncauich
Yucatan,Espita
Yucatan,Halacho
Yucatan,Hocaba
Yucatan,Hoctun
Yucatan,Homun
Yucatan,Huhi
Yucatan,Hunucma
Yucatan,Ixil
Yucatan,Izamal
Yucatan,Kanasin
Yucatan,Kantunil
Yucatan,Kaua
Yucatan,Kinchil
Yucatan,Kopoma
Yucatan,Mama
Yucatan,Mani
Yucatan,Maxcanu
Yucatan,Mayapan
Yucatan,Merida
Yucatan,Mococha
Yucatan,Motul
Yucatan,Muna
Yucatan,Muxupip
Yucatan,Opichen
Yucatan,Oxkutzcab
Yucatan,Panaba
Yucatan,Peto
Yucatan,Progreso
Yucatan,Quintana Roo
Yucatan,Rio Lagartos
Yucatan,Sacalum
Yucatan,Samahil
Yucatan,San Felipe
Yucatan,Sanahcat
Yucatan,Santa Elena
Yucatan,Seye
Yucatan,Sinanche
Yucatan,Sotuta
Yucatan,Sucila
Yucatan,Sudzal
Yucatan,Suma
Yucatan,Tahdziu
Yucatan,Tahmek
Yucatan,Teabo
Yucatan,Tecoh
Yucatan,Tekal De Venegas
Yucatan,Tekanto
Yucatan,Tekax
Yucatan,Tekit
Yucatan,Tekom
Yucatan,Telchac Pueblo
Yucatan,Telchac Puerto
Yucatan,Temax
Yucatan,Temozon
Yucatan,Tepakan
Yucatan,Tetiz
Yucatan,Teya
Yucatan,Ticul
Yucatan,Timucuy
Yucatan,Tinum
Yucatan,Tixcacalcupul
Yucatan,Tixkokob
Yucatan,Tixmehuac
Yucatan,Tixpehual
Yucatan,Tizimin
Yucatan,Tunkas
Yucatan,Tzucacab
Yucatan,Uayma
Yucatan,Ucu
Yucatan,Uman
Yucatan,Valladolid
Yucatan,Xocchel
Yucatan,Yaxcaba
Yucatan,Yaxkukul
Yucatan,Yobain
Zacatecas,Apozol
Zacatecas,Apulco
Zacatecas,Atolinga
Zacatecas,Benito Juarez
Zacatecas,Calera
Zacatecas,Canitas De Felipe Pescador
Zacatecas,Chalchihuites
Zacatecas,Concepcion Del Oro
Zacatecas,Cuauhtemoc
Zacatecas,El Plateado De Joaquin Amaro
Zacatecas,El Salvador
Zacatecas,Fresnillo
Zacatecas,Genaro Codina
Zacatecas,General Enrique Estrada
Zacatecas,General Francisco R. Murguia
Zacatecas,General Panfilo Natera
Zacatecas,Guadalupe
Zacatecas,Huanusco
Zacatecas,Jalpa
Zacatecas,Jerez
Zacatecas,Jimenez Del Teul
Zacatecas,Juan Aldama
Zacatecas,Juchipila
Zacatecas,Loreto
Zacatecas,Luis Moya
Zacatecas,Mazapil
Zacatecas,Melchor Ocampo
Zacatecas,Mezquital Del Oro
Zacatecas,Miguel Auza
Zacatecas,Momax
Zacatecas,Monte Escobedo
Zacatecas,Morelos
Zacatecas,Moyahua De Estrada
Zacatecas,Nochistlan De Mejia
Zacatecas,Noria De Angeles
Zacatecas,Ojocaliente
Zacatecas,Panuco
Zacatecas,Pinos
Zacatecas,Rio Grande
Zacatecas,Sain Alto
Zacatecas,Santa Maria De La Paz
Zacatecas,Sombrerete
Zacatecas,Susticacan
Zacatecas,Tabasco
Zacatecas,Tepechitlan
Zacatecas,Tepetongo
Zacatecas,Teul De Gonzalez Ortega
Zacatecas,Tlaltenango De Sanchez Roman
Zacatecas,Trancoso
Zacatecas,Trinidad Garcia De La Cadena
Zacatecas,Valparaiso
Zacatecas,Vetagrande
Zacatecas,Villa De Cos
Zacatecas,Villa Garcia
Zacatecas,Villa Gonzalez Ortega
Zacatecas,Villa Hidalgo
Zacatecas,Villanueva
Zacatecas,Zacatecas
